NPV_a,NPV_b,PreyDeficit,PredatorDeficit,NPV_a and Prey Def.,NPV_b and Predator Def.,NPV_a and NPV_b,All criteria
0.0,0.0,62.2,55.400000000000006,0.0,0.0,0.0,0.0
62.4,75.2,43.4,6.2,32.0,6.2,43.8,0.0
0.0,0.2,59.199999999999996,44.2,0.0,0.2,0.0,0.0
0.0,34.2,59.0,37.0,0.0,30.8,0.0,0.0
0.0,0.0,59.0,45.2,0.0,0.0,0.0,0.0
2.1999999999999997,100.0,56.599999999999994,11.4,0.8,11.4,2.1999999999999997,0.0
39.800000000000004,0.0,47.4,25.8,28.799999999999997,0.0,0.0,0.0
0.0,0.0,59.0,46.800000000000004,0.0,0.0,0.0,0.0
30.599999999999998,69.0,48.4,5.4,10.6,5.4,27.0,0.0
25.4,36.6,49.4,15.8,17.4,13.8,6.2,0.0
0.0,0.0,57.8,42.199999999999996,0.0,0.0,0.0,0.0
0.0,33.0,62.6,48.8,0.0,31.8,0.0,0.0
0.0,100.0,18.8,7.000000000000001,0.0,7.000000000000001,0.0,0.0
31.8,0.0,50.4,29.599999999999998,25.4,0.0,0.0,0.0
6.2,0.0,52.6,30.4,5.0,0.0,0.0,0.0
8.6,0.0,52.6,38.4,7.8,0.0,0.0,0.0
0.0,0.0,57.199999999999996,41.4,0.0,0.0,0.0,0.0
0.0,100.0,66.0,10.4,0.0,10.4,0.0,0.0
0.0,0.0,56.8,41.0,0.0,0.0,0.0,0.0
0.0,100.0,60.4,16.400000000000002,0.0,16.400000000000002,0.0,0.0
95.8,100.0,6.6000000000000005,0.0,6.6000000000000005,0.0,95.8,0.0
96.39999999999999,100.0,0.0,0.0,0.0,0.0,96.39999999999999,0.0
0.0,0.0,61.0,52.2,0.0,0.0,0.0,0.0
0.4,0.0,56.39999999999999,40.2,0.4,0.0,0.0,0.0
0.0,37.6,62.6,47.599999999999994,0.0,35.8,0.0,0.0
93.8,100.0,6.800000000000001,0.0,6.800000000000001,0.0,93.8,0.0
18.8,100.0,51.800000000000004,7.8,3.2,7.8,18.8,0.0
16.0,0.0,51.4,32.2,14.6,0.0,0.0,0.0
0.0,100.0,66.0,10.4,0.0,10.4,0.0,0.0
0.0,12.0,62.0,51.6,0.0,12.0,0.0,0.0
22.8,0.0,51.2,33.800000000000004,20.8,0.0,0.0,0.0
0.0,55.60000000000001,60.199999999999996,29.799999999999997,0.0,29.799999999999997,0.0,0.0
0.0,0.8,59.8,47.0,0.0,0.8,0.0,0.0
31.6,0.0,50.4,29.4,25.4,0.0,0.0,0.0
32.800000000000004,100.0,51.0,9.2,20.8,9.2,32.800000000000004,0.0
68.0,22.6,39.800000000000004,6.2,32.6,2.4,10.4,0.0
0.0,100.0,66.2,13.600000000000001,0.0,13.600000000000001,0.0,0.0
78.4,20.4,26.200000000000003,8.200000000000001,25.6,1.0,11.200000000000001,0.0
38.800000000000004,0.0,47.8,25.4,28.599999999999998,0.0,0.0,0.0
1.0,67.0,58.599999999999994,16.0,0.8,16.0,1.0,0.4
62.6,100.0,26.8,5.800000000000001,19.6,5.800000000000001,62.6,0.0
15.2,0.0,51.4,27.6,13.4,0.0,0.0,0.0
39.0,0.0,48.0,24.4,28.799999999999997,0.0,0.0,0.0
85.6,100.0,21.6,1.4000000000000001,21.6,1.4000000000000001,85.6,0.0
23.0,0.0,51.0,34.2,20.8,0.0,0.0,0.0
0.0,14.799999999999999,63.2,52.2,0.0,14.799999999999999,0.0,0.0
61.4,6.6000000000000005,43.4,9.0,32.0,0.6,4.2,0.0
0.0,3.0,60.0,48.4,0.0,3.0,0.0,0.0
0.2,52.6,58.599999999999994,23.799999999999997,0.2,23.799999999999997,0.2,0.2
0.0,0.0,60.6,56.2,0.0,0.0,0.0,0.0
36.8,0.0,47.4,25.4,26.8,0.0,0.0,0.0
40.0,0.6,49.2,17.599999999999998,29.799999999999997,0.0,0.0,0.0
1.2,0.0,55.60000000000001,36.4,1.2,0.0,0.0,0.0
32.0,1.6,49.4,21.6,24.2,0.8,0.0,0.0
6.0,0.0,53.0,36.8,5.0,0.0,0.0,0.0
0.0,100.0,62.2,9.0,0.0,9.0,0.0,0.0
62.4,100.0,40.8,3.5999999999999996,25.2,3.5999999999999996,62.4,0.0
37.6,0.0,49.8,20.8,24.2,0.0,0.0,0.0
26.0,0.0,50.0,31.2,22.2,0.0,0.0,0.0
1.2,47.4,55.00000000000001,24.6,0.8,24.6,1.2,0.8
78.0,100.0,40.6,0.0,31.0,0.0,78.0,0.0
8.200000000000001,61.6,55.60000000000001,11.799999999999999,0.4,11.799999999999999,8.200000000000001,0.0
92.80000000000001,100.0,13.0,0.0,11.799999999999999,0.0,92.80000000000001,0.0
47.8,0.0,48.8,17.8,30.599999999999998,0.0,0.0,0.0
95.6,100.0,9.8,0.0,9.8,0.0,95.6,0.0
19.2,100.0,34.8,9.8,8.6,9.8,19.2,0.0
56.99999999999999,0.0,42.8,16.0,33.2,0.0,0.0,0.0
0.0,0.0,59.0,46.0,0.0,0.0,0.0,0.0
17.2,0.0,51.4,37.8,15.8,0.0,0.0,0.0
0.0,19.0,60.0,46.800000000000004,0.0,19.0,0.0,0.0
68.0,0.0,39.0,7.000000000000001,32.0,0.0,0.0,0.0
1.0,0.0,56.00000000000001,43.6,1.0,0.0,0.0,0.0
2.6,0.0,54.800000000000004,37.6,2.6,0.0,0.0,0.0
14.6,59.199999999999996,52.400000000000006,14.000000000000002,8.4,14.000000000000002,9.4,0.0
2.0,72.0,55.60000000000001,15.8,0.6,15.8,2.0,0.0
0.2,0.0,56.599999999999994,44.6,0.2,0.0,0.0,0.0
38.0,49.8,48.0,9.8,20.599999999999998,9.8,19.400000000000002,0.0
0.0,100.0,66.4,10.4,0.0,10.4,0.0,0.0
2.8000000000000003,0.0,54.800000000000004,40.8,2.8000000000000003,0.0,0.0,0.0
62.2,100.0,46.800000000000004,2.0,26.8,2.0,62.2,0.0
0.2,0.0,56.8,45.0,0.2,0.0,0.0,0.0
0.8,56.39999999999999,56.8,17.2,0.8,17.2,0.8,0.8
87.0,100.0,31.0,0.0,30.4,0.0,87.0,0.0
91.2,100.0,6.4,0.0,6.4,0.0,91.2,0.0
0.0,64.8,61.0,19.400000000000002,0.0,19.400000000000002,0.0,0.0
83.6,100.0,29.4,0.2,25.6,0.2,83.6,0.0
30.599999999999998,65.60000000000001,49.6,9.8,16.400000000000002,9.8,21.6,0.0
0.0,0.0,59.8,48.6,0.0,0.0,0.0,0.0
2.1999999999999997,45.2,53.6,24.2,1.0,24.0,1.6,0.0
0.4,0.0,56.2,40.6,0.4,0.0,0.0,0.0
0.0,55.00000000000001,58.8,21.4,0.0,21.4,0.0,0.0
73.0,100.0,0.8,2.4,0.6,2.4,73.0,0.0
3.2,100.0,56.00000000000001,8.799999999999999,0.0,8.799999999999999,3.2,0.0
0.8,0.0,55.800000000000004,40.2,0.8,0.0,0.0,0.0
0.0,99.2,62.2,17.599999999999998,0.0,17.599999999999998,0.0,0.0
0.0,0.0,59.599999999999994,51.2,0.0,0.0,0.0,0.0
32.4,0.0,50.6,28.599999999999998,25.8,0.0,0.0,0.0
68.2,100.0,39.6,3.5999999999999996,32.6,3.5999999999999996,68.2,0.0
72.8,9.0,32.2,9.6,30.0,0.0,3.2,0.0
0.0,53.6,59.8,26.6,0.0,26.6,0.0,0.0
0.0,27.6,62.2,49.2,0.0,27.200000000000003,0.0,0.0
0.0,96.2,59.0,15.8,0.0,15.8,0.0,0.0
2.1999999999999997,0.0,54.6,36.0,2.0,0.0,0.0,0.0
8.4,0.0,53.400000000000006,38.800000000000004,7.8,0.0,0.0,0.0
95.6,100.0,8.4,0.0,8.4,0.0,95.6,0.0
0.4,0.0,56.2,41.4,0.4,0.0,0.0,0.0
0.0,0.0,57.4,44.6,0.0,0.0,0.0,0.0
67.4,100.0,40.8,2.1999999999999997,27.200000000000003,2.1999999999999997,67.4,0.0
0.6,0.0,56.39999999999999,41.6,0.6,0.0,0.0,0.0
0.0,100.0,60.199999999999996,12.4,0.0,12.4,0.0,0.0
2.8000000000000003,67.4,54.2,14.399999999999999,0.8,14.399999999999999,2.8000000000000003,0.0
9.8,0.0,53.0,37.8,8.799999999999999,0.0,0.0,0.0
32.800000000000004,0.0,50.2,27.200000000000003,25.4,0.0,0.0,0.0
0.0,0.0,59.599999999999994,50.4,0.0,0.0,0.0,0.0
88.8,100.0,11.600000000000001,0.6,11.600000000000001,0.6,88.8,0.0
0.4,0.0,56.2,40.6,0.4,0.0,0.0,0.0
0.0,56.8,62.4,31.6,0.0,31.6,0.0,0.0
75.2,100.0,30.2,5.800000000000001,29.2,5.800000000000001,75.2,0.0
95.39999999999999,100.0,8.4,0.0,8.4,0.0,95.39999999999999,0.0
0.0,71.6,60.0,21.0,0.0,21.0,0.0,0.0
0.0,0.0,58.4,45.0,0.0,0.0,0.0,0.0
60.8,48.199999999999996,43.8,7.8,32.2,7.8,23.200000000000003,0.0
55.60000000000001,14.2,41.199999999999996,11.200000000000001,31.8,1.2,3.2,0.0
45.2,13.600000000000001,47.4,12.2,29.4,3.5999999999999996,3.0,0.0
22.0,0.0,50.8,35.6,19.8,0.0,0.0,0.0
93.8,63.4,21.8,0.6,21.8,0.6,57.199999999999996,0.0
8.4,100.0,53.2,9.6,1.6,9.6,8.4,0.0
19.8,0.0,51.4,36.0,18.4,0.0,0.0,0.0
0.2,66.8,58.8,17.2,0.2,17.2,0.2,0.2
77.4,100.0,9.4,2.4,8.200000000000001,2.4,77.4,0.0
80.2,100.0,39.0,2.4,35.6,2.4,80.2,0.0
0.0,100.0,65.60000000000001,9.2,0.0,9.2,0.0,0.0
64.60000000000001,27.400000000000002,41.199999999999996,7.199999999999999,32.4,5.2,12.8,0.0
32.2,0.0,49.6,26.0,24.6,0.0,0.0,0.0
63.0,47.0,42.8,7.199999999999999,32.800000000000004,7.199999999999999,23.200000000000003,0.0
0.0,100.0,66.2,12.6,0.0,12.6,0.0,0.0
0.0,5.0,59.8,44.0,0.0,5.0,0.0,0.0
0.2,0.0,56.99999999999999,44.4,0.2,0.0,0.0,0.0
38.6,100.0,49.8,7.3999999999999995,20.0,7.3999999999999995,38.6,0.0
0.6,0.0,56.2,41.0,0.6,0.0,0.0,0.0
33.4,0.0,48.4,28.000000000000004,25.2,0.0,0.0,0.0
0.0,20.599999999999998,59.4,38.800000000000004,0.0,20.599999999999998,0.0,0.0
65.2,100.0,41.0,1.6,25.6,1.6,65.2,0.0
10.0,0.0,52.800000000000004,37.6,9.0,0.0,0.0,0.0
22.0,0.0,51.0,34.0,20.0,0.0,0.0,0.0
0.8,0.0,56.2,43.0,0.8,0.0,0.0,0.0
0.0,6.2,59.4,42.0,0.0,6.2,0.0,0.0
28.4,0.0,49.8,31.2,23.200000000000003,0.0,0.0,0.0
0.0,0.4,59.8,47.8,0.0,0.4,0.0,0.0
1.4000000000000001,0.0,55.2,34.0,1.4000000000000001,0.0,0.0,0.0
21.6,0.0,51.2,33.800000000000004,19.8,0.0,0.0,0.0
0.0,100.0,62.6,10.2,0.0,10.2,0.0,0.0
0.0,0.4,59.0,42.6,0.0,0.4,0.0,0.0
28.199999999999996,75.8,48.199999999999996,9.0,12.6,9.0,23.400000000000002,0.0
21.4,0.0,51.0,33.800000000000004,19.400000000000002,0.0,0.0,0.0
0.0,0.0,59.8,50.0,0.0,0.0,0.0,0.0
1.4000000000000001,51.6,54.6,20.4,0.4,20.4,1.4000000000000001,0.0
19.2,0.0,51.6,35.4,18.0,0.0,0.0,0.0
25.0,0.0,50.0,32.2,21.6,0.0,0.0,0.0
19.400000000000002,100.0,51.0,7.199999999999999,5.0,7.199999999999999,19.400000000000002,0.0
21.2,0.0,50.8,36.199999999999996,19.400000000000002,0.0,0.0,0.0
26.200000000000003,0.0,50.8,26.0,21.4,0.0,0.0,0.0
26.0,76.6,51.2,8.799999999999999,12.6,8.799999999999999,21.4,0.0
14.6,0.0,52.0,38.0,13.600000000000001,0.0,0.0,0.0
0.0,0.0,57.8,45.0,0.0,0.0,0.0,0.0
0.0,56.39999999999999,65.60000000000001,34.4,0.0,34.4,0.0,0.0
0.0,100.0,68.2,8.799999999999999,0.0,8.799999999999999,0.0,0.0
0.4,0.0,56.00000000000001,36.8,0.4,0.0,0.0,0.0
58.8,77.2,44.6,8.4,32.4,8.4,41.8,0.0
52.6,9.8,43.6,12.2,32.2,1.2,1.7999999999999998,0.0
9.4,22.0,51.6,24.2,7.000000000000001,14.2,1.7999999999999998,0.0
1.4000000000000001,0.0,55.00000000000001,36.199999999999996,1.4000000000000001,0.0,0.0,0.0
0.0,100.0,59.0,9.2,0.0,9.2,0.0,0.0
59.0,23.0,45.800000000000004,9.8,29.599999999999998,2.6,11.4,0.0
59.4,4.0,40.8,11.600000000000001,32.6,0.0,0.2,0.0
79.2,46.0,27.400000000000002,2.0,26.8,2.0,29.599999999999998,0.0
0.0,72.6,66.4,20.200000000000003,0.0,20.200000000000003,0.0,0.0
0.0,0.0,61.0,52.6,0.0,0.0,0.0,0.0
0.0,0.0,56.99999999999999,46.400000000000006,0.0,0.0,0.0,0.0
0.8,68.8,56.39999999999999,15.2,0.2,15.2,0.8,0.0
90.2,100.0,8.799999999999999,0.0,8.799999999999999,0.0,90.2,0.0
0.0,24.4,60.199999999999996,45.2,0.0,24.0,0.0,0.0
31.4,0.0,49.2,29.799999999999997,24.4,0.0,0.0,0.0
92.80000000000001,100.0,0.0,0.0,0.0,0.0,92.80000000000001,0.0
19.6,29.2,51.6,20.200000000000003,14.399999999999999,15.0,2.6,0.0
62.4,100.0,40.6,2.4,25.0,2.4,62.4,0.0
0.0,0.0,60.6,56.00000000000001,0.0,0.0,0.0,0.0
32.6,100.0,49.2,7.6,12.2,7.6,32.6,0.0
7.8,0.0,53.6,39.4,7.3999999999999995,0.0,0.0,0.0
24.0,0.0,51.0,32.6,21.2,0.0,0.0,0.0
1.0,85.2,56.599999999999994,16.400000000000002,0.4,16.400000000000002,1.0,0.2
0.8,0.0,56.599999999999994,44.800000000000004,0.8,0.0,0.0,0.0
4.8,100.0,53.6,9.6,0.4,9.6,4.8,0.0
23.200000000000003,0.0,51.0,33.0,20.4,0.0,0.0,0.0
40.400000000000006,0.0,48.199999999999996,21.8,29.799999999999997,0.0,0.0,0.0
2.8000000000000003,0.0,55.400000000000006,41.4,2.8000000000000003,0.0,0.0,0.0
0.0,24.0,60.0,44.2,0.0,23.599999999999998,0.0,0.0
56.00000000000001,0.0,44.800000000000004,16.2,33.0,0.0,0.0,0.0
57.199999999999996,100.0,44.0,8.200000000000001,32.6,8.200000000000001,57.199999999999996,0.0
87.4,100.0,18.0,1.6,18.0,1.6,87.4,0.0
84.0,100.0,7.000000000000001,2.8000000000000003,7.000000000000001,2.8000000000000003,84.0,0.0
0.0,63.4,66.4,22.6,0.0,22.6,0.0,0.0
0.0,0.0,60.4,53.0,0.0,0.0,0.0,0.0
0.0,100.0,59.8,13.0,0.0,13.0,0.0,0.0
0.0,0.0,56.8,36.4,0.0,0.0,0.0,0.0
7.199999999999999,100.0,55.2,8.4,1.7999999999999998,8.4,7.199999999999999,0.0
0.0,58.199999999999996,59.8,23.599999999999998,0.0,23.599999999999998,0.0,0.0
0.0,19.6,61.6,49.4,0.0,19.6,0.0,0.0
0.0,3.4000000000000004,61.8,52.2,0.0,3.4000000000000004,0.0,0.0
32.4,0.0,50.0,29.799999999999997,25.4,0.0,0.0,0.0
88.6,30.2,30.0,1.7999999999999998,29.4,1.2,23.599999999999998,0.0
0.8,0.0,56.2,43.4,0.8,0.0,0.0,0.0
15.8,59.4,52.2,13.4,9.0,13.4,10.4,0.0
60.4,0.0,43.4,10.4,32.0,0.0,0.0,0.0
9.8,8.200000000000001,51.800000000000004,25.4,8.0,5.800000000000001,0.2,0.0
39.800000000000004,0.0,48.4,24.6,28.4,0.0,0.0,0.0
41.0,10.2,48.4,14.2,28.000000000000004,2.1999999999999997,1.0,0.0
24.4,0.0,50.8,32.2,21.4,0.0,0.0,0.0
0.0,0.0,59.8,51.2,0.0,0.0,0.0,0.0
84.39999999999999,100.0,21.2,1.0,21.2,1.0,84.39999999999999,0.0
0.0,54.400000000000006,63.4,38.800000000000004,0.0,38.800000000000004,0.0,0.0
19.6,0.0,51.4,35.4,18.0,0.0,0.0,0.0
14.2,0.0,51.6,38.2,13.200000000000001,0.0,0.0,0.0
27.0,100.0,49.4,8.799999999999999,12.6,8.799999999999999,27.0,0.0
43.0,95.39999999999999,48.4,9.2,25.0,9.2,39.800000000000004,0.0
0.0,100.0,60.199999999999996,13.0,0.0,13.0,0.0,0.0
0.0,52.0,62.2,42.0,0.0,41.0,0.0,0.0
10.6,0.0,54.0,40.8,10.4,0.0,0.0,0.0
0.0,0.0,59.4,45.6,0.0,0.0,0.0,0.0
0.0,52.6,60.4,36.8,0.0,36.8,0.0,0.0
0.0,46.800000000000004,60.4,41.8,0.0,38.800000000000004,0.0,0.0
33.800000000000004,67.80000000000001,46.800000000000004,6.2,14.000000000000002,6.2,29.599999999999998,0.0
19.6,0.0,51.4,37.0,18.2,0.0,0.0,0.0
47.599999999999994,0.0,45.4,19.6,30.0,0.0,0.0,0.0
69.6,100.0,1.2,3.2,1.2,3.2,69.6,0.0
0.0,11.200000000000001,57.199999999999996,35.0,0.0,11.200000000000001,0.0,0.0
0.0,0.0,60.4,52.2,0.0,0.0,0.0,0.0
43.4,0.0,47.4,19.0,29.2,0.0,0.0,0.0
4.6,0.0,54.800000000000004,36.199999999999996,4.6,0.0,0.0,0.0
92.2,100.0,0.8,0.0,0.8,0.0,92.2,0.0
1.7999999999999998,0.0,54.6,34.599999999999994,1.7999999999999998,0.0,0.0,0.0
5.0,0.0,53.800000000000004,34.0,4.6,0.0,0.0,0.0
50.2,77.0,44.6,8.6,26.8,8.6,35.199999999999996,0.0
0.0,32.800000000000004,60.8,46.400000000000006,0.0,31.0,0.0,0.0
3.4000000000000004,0.0,54.6,33.0,3.2,0.0,0.0,0.0
21.6,0.0,51.2,33.800000000000004,19.8,0.0,0.0,0.0
52.400000000000006,99.6,46.800000000000004,8.0,30.4,8.0,52.400000000000006,0.0
16.8,0.0,51.4,37.6,15.6,0.0,0.0,0.0
0.0,100.0,46.2,8.6,0.0,8.6,0.0,0.0
81.39999999999999,69.6,29.599999999999998,2.0,28.799999999999997,2.0,52.6,0.0
2.6,0.0,53.800000000000004,42.0,2.1999999999999997,0.0,0.0,0.0
56.599999999999994,23.400000000000002,40.8,11.0,31.4,3.5999999999999996,5.800000000000001,0.0
89.0,100.0,14.799999999999999,0.2,14.799999999999999,0.2,89.0,0.0
6.2,56.8,53.2,15.6,3.2,15.6,5.2,0.0
59.8,100.0,44.2,6.0,32.0,6.0,59.8,0.0
0.0,51.2,59.599999999999994,31.0,0.0,31.0,0.0,0.0
0.0,100.0,66.0,10.4,0.0,10.4,0.0,0.0
96.0,100.0,5.2,0.0,5.2,0.0,96.0,0.0
23.0,0.0,50.8,30.4,19.8,0.0,0.0,0.0
62.0,17.2,36.8,8.0,29.599999999999998,1.2,2.0,0.0
38.4,100.0,50.6,6.6000000000000005,24.6,6.6000000000000005,38.4,0.0
30.0,100.0,51.6,7.8,14.799999999999999,7.8,30.0,0.0
7.199999999999999,64.4,53.0,12.8,1.0,12.8,7.199999999999999,0.0
13.4,0.0,51.4,36.199999999999996,12.2,0.0,0.0,0.0
64.60000000000001,74.4,39.0,4.8,29.599999999999998,4.8,47.8,0.0
88.4,100.0,17.2,0.0,15.8,0.0,88.4,0.0
33.800000000000004,0.0,49.6,26.400000000000002,25.8,0.0,0.0,0.0
60.8,100.0,44.0,0.2,19.2,0.2,60.8,0.0
0.0,0.0,62.0,53.2,0.0,0.0,0.0,0.0
0.0,48.6,60.199999999999996,40.8,0.0,38.4,0.0,0.0
41.6,3.4000000000000004,48.0,15.6,28.599999999999998,0.0,0.0,0.0
0.0,4.8,62.6,52.400000000000006,0.0,4.8,0.0,0.0
0.0,100.0,58.8,14.2,0.0,14.2,0.0,0.0
86.2,99.8,22.400000000000002,1.0,22.0,1.0,86.0,0.0
19.400000000000002,0.0,51.4,34.4,18.0,0.0,0.0,0.0
17.599999999999998,100.0,52.2,9.8,9.4,9.8,17.599999999999998,0.0
0.0,65.0,60.199999999999996,18.4,0.0,18.4,0.0,0.0
58.599999999999994,13.0,45.0,9.4,32.2,0.8,5.6000000000000005,0.0
0.0,0.0,57.199999999999996,43.8,0.0,0.0,0.0,0.0
70.0,9.2,39.6,6.800000000000001,33.0,0.4,5.4,0.0
74.4,13.200000000000001,34.4,4.8,31.0,1.0,7.3999999999999995,0.0
21.2,0.0,51.0,26.6,17.8,0.0,0.0,0.0
0.8,0.0,56.00000000000001,38.4,0.8,0.0,0.0,0.0
0.0,0.0,56.8,40.0,0.0,0.0,0.0,0.0
0.0,100.0,59.4,13.600000000000001,0.0,13.600000000000001,0.0,0.0
1.4000000000000001,100.0,56.2,13.0,0.6,13.0,1.4000000000000001,0.0
0.0,0.0,56.99999999999999,39.2,0.0,0.0,0.0,0.0
0.0,18.4,60.0,46.2,0.0,18.4,0.0,0.0
15.4,0.6,51.800000000000004,28.799999999999997,14.000000000000002,0.6,0.0,0.0
0.6,0.0,56.39999999999999,44.0,0.6,0.0,0.0,0.0
0.0,100.0,66.0,13.600000000000001,0.0,13.600000000000001,0.0,0.0
0.0,1.0,62.4,52.6,0.0,1.0,0.0,0.0
0.0,0.0,59.8,47.0,0.0,0.0,0.0,0.0
36.8,65.0,46.2,8.6,17.0,8.6,27.0,0.0
2.6,0.0,55.00000000000001,36.4,2.6,0.0,0.0,0.0
0.0,100.0,66.2,16.0,0.0,16.0,0.0,0.0
0.0,47.599999999999994,60.8,43.8,0.0,39.6,0.0,0.0
13.8,0.0,52.0,37.4,12.8,0.0,0.0,0.0
93.2,100.0,19.2,0.0,19.2,0.0,93.2,0.0
45.800000000000004,100.0,48.0,7.8,27.400000000000002,7.8,45.800000000000004,0.0
48.8,52.2,43.4,7.3999999999999995,25.8,7.3999999999999995,22.8,0.0
0.0,100.0,60.4,14.6,0.0,14.6,0.0,0.0
0.0,42.4,60.0,41.6,0.0,37.0,0.0,0.0
0.0,0.0,62.0,57.199999999999996,0.0,0.0,0.0,0.0
33.800000000000004,100.0,48.8,8.4,16.8,8.4,33.800000000000004,0.0
70.8,100.0,41.4,0.4,26.400000000000002,0.4,70.8,0.0
22.6,100.0,51.6,7.199999999999999,6.0,7.199999999999999,22.6,0.0
0.0,100.0,62.4,10.6,0.0,10.6,0.0,0.0
22.0,0.0,51.0,35.199999999999996,19.6,0.0,0.0,0.0
16.2,0.0,51.4,34.8,14.799999999999999,0.0,0.0,0.0
92.0,100.0,20.200000000000003,1.2,20.200000000000003,1.2,92.0,0.0
0.0,37.6,60.0,44.0,0.0,34.8,0.0,0.0
88.0,100.0,17.2,0.4,17.2,0.4,88.0,0.0
48.6,100.0,44.800000000000004,1.6,13.0,1.6,48.6,0.0
74.6,100.0,33.0,2.4,29.799999999999997,2.4,74.6,0.0
21.6,0.0,51.4,34.0,19.8,0.0,0.0,0.0
94.6,100.0,0.0,0.0,0.0,0.0,94.6,0.0
0.8,52.0,57.8,22.6,0.8,22.6,0.8,0.8
1.6,0.0,55.800000000000004,40.6,1.6,0.0,0.0,0.0
8.4,0.0,52.400000000000006,38.0,7.3999999999999995,0.0,0.0,0.0
0.0,8.200000000000001,59.199999999999996,41.199999999999996,0.0,8.200000000000001,0.0,0.0
0.0,100.0,59.0,10.6,0.0,10.6,0.0,0.0
7.3999999999999995,0.0,54.6,40.0,7.3999999999999995,0.0,0.0,0.0
0.0,100.0,61.0,14.399999999999999,0.0,14.399999999999999,0.0,0.0
2.6,100.0,56.99999999999999,9.4,0.6,9.4,2.6,0.0
87.6,92.80000000000001,24.2,0.4,22.8,0.4,81.39999999999999,0.0
33.0,0.0,49.2,22.6,25.0,0.0,0.0,0.0
0.0,100.0,66.0,13.0,0.0,13.0,0.0,0.0
14.6,56.2,53.800000000000004,15.4,12.2,15.4,6.0,0.2
0.0,35.0,60.0,41.8,0.0,32.0,0.0,0.0
26.200000000000003,0.0,50.0,31.6,22.2,0.0,0.0,0.0
15.6,0.0,51.4,34.4,14.2,0.0,0.0,0.0
0.0,0.0,62.0,56.39999999999999,0.0,0.0,0.0,0.0
17.599999999999998,0.0,51.6,37.6,16.400000000000002,0.0,0.0,0.0
61.4,100.0,46.2,5.4,31.2,5.4,61.4,0.0
0.0,0.0,62.2,54.0,0.0,0.0,0.0,0.0
0.0,0.0,57.199999999999996,41.8,0.0,0.0,0.0,0.0
64.60000000000001,0.4,41.8,8.6,32.6,0.0,0.0,0.0
7.8,9.0,52.800000000000004,25.2,6.6000000000000005,6.2,0.6,0.0
84.2,100.0,28.199999999999996,1.4000000000000001,27.400000000000002,1.4000000000000001,84.2,0.0
66.0,0.4,42.0,8.6,33.0,0.0,0.4,0.0
48.199999999999996,0.0,47.599999999999994,15.4,26.6,0.0,0.0,0.0
40.400000000000006,100.0,49.8,8.6,24.0,8.6,40.400000000000006,0.0
12.8,0.0,52.0,39.2,11.799999999999999,0.0,0.0,0.0
18.6,0.0,51.4,37.6,17.2,0.0,0.0,0.0
19.400000000000002,0.0,51.2,32.0,17.599999999999998,0.0,0.0,0.0
3.4000000000000004,0.0,54.800000000000004,39.0,3.4000000000000004,0.0,0.0,0.0
0.0,51.0,60.4,35.4,0.0,35.0,0.0,0.0
29.4,0.0,50.6,30.2,25.2,0.0,0.0,0.0
14.799999999999999,100.0,53.0,9.6,7.199999999999999,9.6,14.799999999999999,0.0
36.0,0.0,48.6,21.2,27.0,0.0,0.0,0.0
23.200000000000003,0.0,51.2,32.800000000000004,20.599999999999998,0.0,0.0,0.0
0.0,0.0,62.2,57.4,0.0,0.0,0.0,0.0
0.0,100.0,63.0,10.6,0.0,10.6,0.0,0.0
0.0,0.0,58.8,49.4,0.0,0.0,0.0,0.0
2.0,61.0,54.800000000000004,15.6,0.2,15.6,2.0,0.0
95.6,100.0,3.5999999999999996,0.0,3.5999999999999996,0.0,95.6,0.0
0.0,58.4,65.60000000000001,32.2,0.0,32.2,0.0,0.0
0.0,0.0,58.4,46.400000000000006,0.0,0.0,0.0,0.0
10.2,0.0,52.400000000000006,34.2,8.799999999999999,0.0,0.0,0.0
53.400000000000006,54.800000000000004,43.8,10.2,31.6,10.2,22.0,0.0
52.0,100.0,48.0,6.6000000000000005,28.000000000000004,6.6000000000000005,52.0,0.0
40.400000000000006,0.2,49.0,17.8,29.599999999999998,0.0,0.0,0.0
1.0,0.0,56.00000000000001,44.0,1.0,0.0,0.0,0.0
32.2,0.0,49.8,27.200000000000003,25.0,0.0,0.0,0.0
10.0,0.0,52.400000000000006,36.0,8.799999999999999,0.0,0.0,0.0
53.800000000000004,65.0,42.4,8.4,28.999999999999996,8.4,31.2,0.0
3.4000000000000004,51.800000000000004,54.6,21.8,3.0,21.8,2.4,0.8
0.0,19.8,60.199999999999996,46.400000000000006,0.0,14.799999999999999,0.0,0.0
71.2,14.799999999999999,42.6,7.3999999999999995,32.800000000000004,0.4,8.6,0.0
0.8,0.0,56.39999999999999,45.0,0.8,0.0,0.0,0.0
93.4,100.0,4.8,0.0,4.3999999999999995,0.0,93.4,0.0
12.0,0.0,53.6,39.2,11.799999999999999,0.0,0.0,0.0
50.6,0.0,45.4,16.0,31.6,0.0,0.0,0.0
23.0,0.0,50.8,34.2,20.8,0.0,0.0,0.0
28.199999999999996,20.200000000000003,47.4,11.799999999999999,12.0,3.0,2.1999999999999997,0.0
0.0,0.0,58.4,47.0,0.0,0.0,0.0,0.0
0.0,3.0,59.199999999999996,43.4,0.0,3.0,0.0,0.0
6.2,0.0,52.400000000000006,29.2,5.0,0.0,0.0,0.0
0.0,53.6,65.0,44.6,0.0,44.0,0.0,0.0
0.0,45.800000000000004,62.0,45.6,0.0,41.4,0.0,0.0
0.8,17.0,56.00000000000001,29.4,0.8,16.2,0.6,0.6
28.799999999999997,100.0,51.0,5.2,7.6,5.2,28.799999999999997,0.0
67.60000000000001,39.6,38.800000000000004,6.4,32.4,6.4,21.2,0.0
48.0,100.0,48.0,8.200000000000001,28.199999999999996,8.200000000000001,48.0,0.0
31.6,0.0,50.4,29.799999999999997,25.4,0.0,0.0,0.0
55.800000000000004,0.0,46.400000000000006,11.799999999999999,32.800000000000004,0.0,0.0,0.0
79.0,100.0,28.000000000000004,1.6,27.200000000000003,1.6,79.0,0.0
0.0,0.0,58.199999999999996,47.4,0.0,0.0,0.0,0.0
0.0,11.600000000000001,58.4,37.6,0.0,11.600000000000001,0.0,0.0
2.1999999999999997,65.0,54.800000000000004,14.6,0.6,14.6,2.1999999999999997,0.0
0.0,0.0,59.599999999999994,47.8,0.0,0.0,0.0,0.0
0.0,31.8,63.6,50.0,0.0,31.2,0.0,0.0
0.0,0.0,59.8,51.2,0.0,0.0,0.0,0.0
0.0,100.0,66.0,12.6,0.0,12.6,0.0,0.0
77.0,4.3999999999999995,29.799999999999997,7.6,28.999999999999996,0.0,1.6,0.0
0.0,60.199999999999996,65.8,28.000000000000004,0.0,28.000000000000004,0.0,0.0
50.0,0.0,45.4,17.0,30.599999999999998,0.0,0.0,0.0
0.0,0.0,57.4,41.0,0.0,0.0,0.0,0.0
52.0,21.4,44.800000000000004,11.4,32.0,4.3999999999999995,5.2,0.0
54.800000000000004,0.0,43.2,16.400000000000002,32.4,0.0,0.0,0.0
37.6,78.4,50.0,11.799999999999999,28.599999999999998,11.799999999999999,25.2,0.0
40.8,100.0,49.0,8.799999999999999,25.8,8.799999999999999,40.8,0.0
24.6,100.0,51.6,4.6,6.6000000000000005,4.6,24.6,0.0
0.0,0.0,59.8,51.800000000000004,0.0,0.0,0.0,0.0
42.8,1.7999999999999998,47.4,15.6,28.199999999999996,0.0,0.0,0.0
0.0,64.8,62.2,19.6,0.0,19.6,0.0,0.0
31.4,0.0,50.4,27.6,25.2,0.0,0.0,0.0
0.0,100.0,62.8,10.4,0.0,10.4,0.0,0.0
0.8,0.0,56.2,43.2,0.8,0.0,0.0,0.0
0.0,59.8,61.8,24.4,0.0,24.4,0.0,0.0
50.4,0.0,45.6,16.8,30.599999999999998,0.0,0.0,0.0
0.0,100.0,61.4,10.8,0.0,10.8,0.0,0.0
15.0,0.0,51.4,32.4,13.600000000000001,0.0,0.0,0.0
15.4,0.0,51.6,34.4,14.2,0.0,0.0,0.0
90.4,100.0,8.6,0.0,8.6,0.0,90.4,0.0
0.0,100.0,64.60000000000001,9.4,0.0,9.4,0.0,0.0
0.8,0.0,56.00000000000001,39.800000000000004,0.8,0.0,0.0,0.0
1.7999999999999998,0.0,55.00000000000001,39.2,1.7999999999999998,0.0,0.0,0.0
19.2,0.0,51.0,35.4,17.8,0.0,0.0,0.0
0.0,68.4,59.8,17.8,0.0,17.8,0.0,0.0
32.800000000000004,0.0,50.2,28.799999999999997,25.4,0.0,0.0,0.0
63.4,100.0,42.4,1.7999999999999998,25.4,1.7999999999999998,63.4,0.0
29.599999999999998,0.0,49.8,29.599999999999998,24.2,0.0,0.0,0.0
24.0,0.0,50.4,32.800000000000004,21.0,0.0,0.0,0.0
16.6,0.0,51.4,37.0,15.2,0.0,0.0,0.0
74.4,100.0,41.199999999999996,1.2,31.2,1.2,74.4,0.0
52.2,17.0,43.8,11.799999999999999,31.6,2.0,3.2,0.0
48.8,39.6,46.6,11.4,31.2,10.4,12.2,0.0
0.0,0.0,60.199999999999996,52.6,0.0,0.0,0.0,0.0
0.0,19.6,61.199999999999996,48.8,0.0,19.6,0.0,0.0
1.6,100.0,59.199999999999996,10.6,0.8,10.6,1.6,0.0
0.0,100.0,62.2,10.8,0.0,10.8,0.0,0.0
6.800000000000001,0.0,54.6,39.800000000000004,6.800000000000001,0.0,0.0,0.0
9.0,0.0,52.0,40.2,8.0,0.0,0.0,0.0
3.2,0.0,55.400000000000006,40.6,3.2,0.0,0.0,0.0
90.8,100.0,3.4000000000000004,0.0,3.4000000000000004,0.0,90.8,0.0
25.6,100.0,50.2,6.6000000000000005,5.800000000000001,6.6000000000000005,25.6,0.0
63.800000000000004,22.2,42.8,8.0,33.0,3.2,9.6,0.0
0.0,18.2,61.0,48.0,0.0,18.2,0.0,0.0
80.4,25.8,23.400000000000002,6.0,22.2,2.0,15.4,0.0
0.0,0.0,59.8,51.6,0.0,0.0,0.0,0.0
53.2,90.8,46.2,8.6,30.4,8.6,46.0,0.0
0.6,92.0,58.599999999999994,15.0,0.6,15.0,0.6,0.4
52.6,100.0,48.6,5.6000000000000005,28.999999999999996,5.6000000000000005,52.6,0.0
0.0,0.6,59.4,44.6,0.0,0.6,0.0,0.0
69.19999999999999,5.800000000000001,38.4,7.3999999999999995,32.2,0.2,2.1999999999999997,0.0
57.599999999999994,12.2,40.400000000000006,11.200000000000001,31.8,1.0,2.4,0.0
87.4,100.0,28.799999999999997,1.4000000000000001,28.4,1.4000000000000001,87.4,0.0
19.2,33.800000000000004,49.4,17.8,13.600000000000001,14.6,2.6,0.0
0.0,0.0,58.4,48.4,0.0,0.0,0.0,0.0
38.6,3.5999999999999996,48.6,17.4,28.4,1.0,0.4,0.0
79.0,53.6,26.0,3.8,25.4,3.5999999999999996,35.0,0.0
13.8,25.0,51.4,21.8,10.8,12.0,1.2,0.0
2.8000000000000003,27.200000000000003,53.2,25.2,1.6,19.2,1.4000000000000001,0.0
77.2,100.0,31.0,2.0,29.4,2.0,77.2,0.0
33.4,0.0,49.4,24.0,25.4,0.0,0.0,0.0
5.6000000000000005,0.0,54.6,42.199999999999996,5.6000000000000005,0.0,0.0,0.0
0.0,51.0,58.599999999999994,26.400000000000002,0.0,26.400000000000002,0.0,0.0
79.0,100.0,42.6,2.1999999999999997,33.0,2.1999999999999997,79.0,0.0
0.0,0.0,59.8,51.0,0.0,0.0,0.0,0.0
55.00000000000001,0.0,43.0,13.4,31.8,0.0,0.0,0.0
38.6,65.4,47.8,9.4,22.8,9.4,24.8,0.0
76.0,7.3999999999999995,31.6,5.4,30.0,0.0,3.8,0.0
3.2,100.0,54.400000000000006,10.2,0.2,10.2,3.2,0.0
0.0,15.6,60.0,46.6,0.0,15.6,0.0,0.0
33.0,0.0,50.2,24.6,25.8,0.0,0.0,0.0
1.7999999999999998,100.0,55.800000000000004,13.8,0.6,13.8,1.7999999999999998,0.0
3.5999999999999996,0.0,52.800000000000004,28.599999999999998,2.4,0.0,0.0,0.0
8.799999999999999,41.4,52.800000000000004,19.0,6.0,18.4,2.8000000000000003,0.2
0.6,0.0,56.00000000000001,38.0,0.6,0.0,0.0,0.0
0.0,100.0,60.8,11.4,0.0,11.4,0.0,0.0
13.600000000000001,0.0,51.6,37.6,12.4,0.0,0.0,0.0
18.4,0.0,51.6,37.6,17.2,0.0,0.0,0.0
5.800000000000001,0.0,52.6,32.6,4.6,0.0,0.0,0.0
27.800000000000004,100.0,52.0,10.4,19.8,10.4,27.800000000000004,0.0
0.0,0.0,62.0,57.4,0.0,0.0,0.0,0.0
1.6,27.400000000000002,54.2,27.200000000000003,1.0,22.400000000000002,1.2,0.4
32.4,0.0,50.4,26.400000000000002,25.4,0.0,0.0,0.0
54.6,0.0,43.0,14.399999999999999,32.0,0.0,0.0,0.0
0.0,0.0,62.0,56.2,0.0,0.0,0.0,0.0
0.4,0.0,56.00000000000001,36.199999999999996,0.4,0.0,0.0,0.0
0.0,53.2,60.0,29.2,0.0,29.2,0.0,0.0
0.0,11.0,62.6,52.400000000000006,0.0,11.0,0.0,0.0
0.0,100.0,62.4,12.6,0.0,12.6,0.0,0.0
80.2,100.0,10.0,5.2,10.0,5.2,80.2,0.0
42.6,0.0,47.599999999999994,20.4,28.199999999999996,0.0,0.0,0.0
26.6,0.0,50.2,32.2,22.6,0.0,0.0,0.0
14.6,37.4,51.2,18.6,10.0,16.400000000000002,3.8,0.0
0.0,0.0,57.199999999999996,44.4,0.0,0.0,0.0,0.0
0.0,0.0,59.8,52.800000000000004,0.0,0.0,0.0,0.0
0.0,56.2,65.2,34.8,0.0,34.8,0.0,0.0
0.8,100.0,55.400000000000006,10.6,0.8,10.6,0.8,0.0
22.8,75.0,51.0,10.4,11.600000000000001,10.4,17.599999999999998,0.0
25.2,0.0,50.4,29.4,21.4,0.0,0.0,0.0
0.0,0.0,60.4,54.0,0.0,0.0,0.0,0.0
0.0,100.0,62.2,12.2,0.0,12.2,0.0,0.0
48.4,2.0,46.0,13.600000000000001,31.2,0.0,0.0,0.0
0.0,100.0,68.0,10.2,0.0,10.2,0.0,0.0
47.599999999999994,0.0,47.0,15.0,30.4,0.0,0.0,0.0
64.60000000000001,100.0,39.2,7.6,27.800000000000004,7.6,64.60000000000001,0.0
6.2,100.0,55.400000000000006,9.6,1.0,9.6,6.2,0.0
0.0,0.0,59.199999999999996,47.199999999999996,0.0,0.0,0.0,0.0
0.0,0.0,57.199999999999996,42.8,0.0,0.0,0.0,0.0
0.0,0.6,59.599999999999994,44.6,0.0,0.6,0.0,0.0
17.8,100.0,51.2,9.6,6.2,9.6,17.8,0.0
0.8,0.0,56.2,40.0,0.8,0.0,0.0,0.0
51.4,0.0,44.4,18.6,31.6,0.0,0.0,0.0
0.0,0.0,57.4,45.2,0.0,0.0,0.0,0.0
0.0,16.6,59.8,45.4,0.0,16.6,0.0,0.0
26.400000000000002,0.0,50.2,31.2,22.2,0.0,0.0,0.0
0.0,59.0,66.0,31.2,0.0,31.2,0.0,0.0
45.0,4.3999999999999995,46.800000000000004,13.4,28.999999999999996,0.6,0.0,0.0
0.0,0.0,58.199999999999996,44.2,0.0,0.0,0.0,0.0
10.8,0.0,52.2,36.6,9.8,0.0,0.0,0.0
0.0,0.0,59.8,52.2,0.0,0.0,0.0,0.0
0.0,0.8,60.0,48.4,0.0,0.8,0.0,0.0
72.39999999999999,93.8,34.8,2.4,29.599999999999998,2.4,66.8,0.0
0.0,22.8,60.199999999999996,46.6,0.0,22.400000000000002,0.0,0.0
7.199999999999999,83.2,56.599999999999994,8.6,1.0,8.6,7.199999999999999,0.0
0.0,0.0,60.199999999999996,54.400000000000006,0.0,0.0,0.0,0.0
0.0,12.2,62.4,51.6,0.0,12.2,0.0,0.0
0.0,52.6,60.0,31.6,0.0,31.6,0.0,0.0
0.0,82.39999999999999,59.4,15.2,0.0,15.2,0.0,0.0
12.4,43.0,52.2,21.6,9.0,21.2,3.2,0.0
8.6,100.0,53.400000000000006,9.6,3.0,9.6,8.6,0.0
87.2,100.0,21.8,1.7999999999999998,21.4,1.7999999999999998,87.2,0.0
66.8,28.599999999999998,43.2,8.6,32.0,4.8,15.4,0.0
51.800000000000004,100.0,46.0,9.8,32.6,9.8,51.800000000000004,0.0
0.8,62.0,56.39999999999999,16.6,0.8,16.6,0.8,0.8
0.0,56.599999999999994,60.4,29.599999999999998,0.0,29.599999999999998,0.0,0.0
70.0,100.0,40.6,3.0,33.0,3.0,70.0,0.0
24.0,100.0,52.6,8.0,12.4,8.0,24.0,0.0
14.799999999999999,0.0,52.0,28.999999999999996,13.4,0.0,0.0,0.0
20.8,12.4,49.0,19.2,14.6,3.0,0.6,0.0
27.800000000000004,0.0,50.4,32.0,23.599999999999998,0.0,0.0,0.0
0.0,100.0,63.2,11.799999999999999,0.0,11.799999999999999,0.0,0.0
0.0,49.0,64.2,46.800000000000004,0.0,43.6,0.0,0.0
37.8,0.0,47.199999999999996,26.200000000000003,27.400000000000002,0.0,0.0,0.0
73.0,10.2,32.0,8.799999999999999,30.0,0.0,4.3999999999999995,0.0
0.0,52.400000000000006,62.2,40.2,0.0,40.2,0.0,0.0
91.60000000000001,82.39999999999999,25.6,1.4000000000000001,25.2,1.4000000000000001,74.2,0.0
0.0,0.0,59.4,50.2,0.0,0.0,0.0,0.0
0.4,100.0,58.8,9.8,0.2,9.8,0.4,0.0
71.6,22.8,41.6,7.3999999999999995,33.0,2.0,12.8,0.0
48.199999999999996,0.0,47.0,13.8,28.999999999999996,0.0,0.0,0.0
69.19999999999999,89.60000000000001,38.4,5.0,32.2,5.0,60.0,0.0
67.60000000000001,100.0,43.6,5.2,32.4,5.2,67.60000000000001,0.0
76.4,12.4,31.2,4.2,29.799999999999997,0.8,6.800000000000001,0.0
85.6,100.0,11.0,3.0,10.8,3.0,85.6,0.0
6.2,0.0,54.2,41.199999999999996,6.2,0.0,0.0,0.0
0.0,100.0,62.2,16.6,0.0,16.6,0.0,0.0
0.0,100.0,60.199999999999996,14.2,0.0,14.2,0.0,0.0
0.0,8.799999999999999,56.99999999999999,34.0,0.0,8.799999999999999,0.0,0.0
7.000000000000001,0.0,55.2,41.8,7.000000000000001,0.0,0.0,0.0
0.8,57.8,58.199999999999996,18.8,0.8,18.8,0.8,0.8
23.799999999999997,0.0,50.6,32.4,20.599999999999998,0.0,0.0,0.0
7.6,0.0,52.2,37.8,6.800000000000001,0.0,0.0,0.0
69.19999999999999,30.0,39.2,6.0,32.800000000000004,4.2,14.000000000000002,0.0
90.2,100.0,15.0,0.2,15.0,0.2,90.2,0.0
17.8,0.0,51.6,36.6,16.6,0.0,0.0,0.0
0.0,0.0,62.4,53.800000000000004,0.0,0.0,0.0,0.0
0.0,0.0,59.4,48.8,0.0,0.0,0.0,0.0
69.6,100.0,37.8,4.8,31.6,4.8,69.6,0.0
90.8,100.0,6.4,0.0,6.4,0.0,90.8,0.0
26.8,0.0,50.0,30.8,22.8,0.0,0.0,0.0
13.8,0.0,51.800000000000004,36.6,12.8,0.0,0.0,0.0
0.8,0.0,56.00000000000001,38.6,0.8,0.0,0.0,0.0
12.8,0.0,52.6,38.2,11.799999999999999,0.0,0.0,0.0
82.0,100.0,23.599999999999998,3.8,23.200000000000003,3.8,82.0,0.0
0.0,0.0,59.8,48.199999999999996,0.0,0.0,0.0,0.0
95.19999999999999,100.0,16.8,0.2,16.8,0.2,95.19999999999999,0.0
1.0,0.0,55.60000000000001,36.6,1.0,0.0,0.0,0.0
8.799999999999999,93.4,52.6,11.600000000000001,1.6,11.600000000000001,8.799999999999999,0.0
16.2,0.0,51.4,36.0,14.799999999999999,0.0,0.0,0.0
24.8,0.0,50.2,31.6,21.4,0.0,0.0,0.0
82.19999999999999,100.0,22.2,6.0,22.2,6.0,82.19999999999999,0.0
0.0,59.0,61.0,25.0,0.0,25.0,0.0,0.0
62.0,0.0,37.8,11.4,31.2,0.0,0.0,0.0
54.2,100.0,47.4,6.6000000000000005,29.4,6.6000000000000005,54.2,0.0
38.4,0.0,50.6,27.400000000000002,29.4,0.0,0.0,0.0
22.6,0.0,50.8,33.800000000000004,20.4,0.0,0.0,0.0
0.0,71.0,63.0,22.6,0.0,22.6,0.0,0.0
0.6,0.0,57.99999999999999,30.599999999999998,0.6,0.0,0.0,0.0
58.199999999999996,0.0,44.800000000000004,11.200000000000001,31.6,0.0,0.0,0.0
0.0,0.0,56.599999999999994,40.0,0.0,0.0,0.0,0.0
0.2,0.0,56.599999999999994,38.800000000000004,0.2,0.0,0.0,0.0
0.0,4.6,61.199999999999996,51.0,0.0,4.2,0.0,0.0
17.8,3.8,51.2,24.2,14.2,2.1999999999999997,0.0,0.0
78.0,25.4,39.2,5.0,32.6,1.0,17.4,0.0
0.0,0.0,60.0,53.800000000000004,0.0,0.0,0.0,0.0
0.0,0.0,58.199999999999996,46.2,0.0,0.0,0.0,0.0
0.0,0.0,56.8,43.4,0.0,0.0,0.0,0.0
30.4,0.6,50.0,20.8,23.200000000000003,0.2,0.0,0.0
0.0,0.0,60.6,51.4,0.0,0.0,0.0,0.0
0.0,0.8,62.6,53.2,0.0,0.8,0.0,0.0
0.8,71.39999999999999,58.4,15.0,0.8,15.0,0.8,0.6
63.6,100.0,41.6,2.8000000000000003,26.6,2.8000000000000003,63.6,0.0
61.8,0.0,42.8,9.4,32.0,0.0,0.0,0.0
0.8,0.0,56.2,43.0,0.8,0.0,0.0,0.0
8.0,0.0,53.6,40.8,7.6,0.0,0.0,0.0
33.4,0.0,50.2,25.2,26.200000000000003,0.0,0.0,0.0
15.2,20.8,50.2,16.400000000000002,6.4,4.3999999999999995,1.0,0.0
12.2,0.0,51.800000000000004,32.2,11.0,0.0,0.0,0.0
1.4000000000000001,0.0,55.400000000000006,36.8,1.4000000000000001,0.0,0.0,0.0
66.60000000000001,100.0,40.400000000000006,4.0,32.6,4.0,66.60000000000001,0.0
0.0,26.400000000000002,59.199999999999996,37.2,0.0,25.6,0.0,0.0
1.6,100.0,56.8,9.0,0.4,9.0,1.6,0.0
54.0,68.4,42.199999999999996,9.0,27.6,9.0,34.599999999999994,0.0
0.0,0.0,56.8,38.800000000000004,0.0,0.0,0.0,0.0
0.0,10.4,59.8,45.2,0.0,10.4,0.0,0.0
1.0,9.6,55.00000000000001,30.0,1.0,9.0,0.6,0.6
0.0,0.0,58.199999999999996,47.0,0.0,0.0,0.0,0.0
0.0,0.0,62.6,54.2,0.0,0.0,0.0,0.0
64.8,56.39999999999999,42.4,6.4,33.0,6.4,31.2,0.0
0.0,100.0,60.8,14.399999999999999,0.0,14.399999999999999,0.0,0.0
0.0,0.0,60.4,53.2,0.0,0.0,0.0,0.0
0.0,0.0,62.0,55.800000000000004,0.0,0.0,0.0,0.0
13.200000000000001,0.0,52.2,38.800000000000004,12.2,0.0,0.0,0.0
0.8,0.0,56.2,44.4,0.8,0.0,0.0,0.0
40.8,0.0,47.599999999999994,21.0,28.4,0.0,0.0,0.0
35.6,0.0,47.199999999999996,21.6,28.799999999999997,0.0,0.0,0.0
59.0,0.2,44.6,10.4,32.4,0.0,0.2,0.0
71.6,18.4,36.199999999999996,6.0,31.4,2.0,9.8,0.0
59.0,0.0,44.2,13.0,32.2,0.0,0.0,0.0
80.60000000000001,100.0,24.8,1.4000000000000001,23.400000000000002,1.4000000000000001,80.60000000000001,0.0
4.0,0.0,53.400000000000006,31.8,3.0,0.0,0.0,0.0
0.8,0.0,56.00000000000001,42.199999999999996,0.8,0.0,0.0,0.0
14.2,0.0,51.6,35.199999999999996,13.0,0.0,0.0,0.0
0.0,25.8,62.0,49.2,0.0,25.8,0.0,0.0
0.0,98.2,63.6,18.2,0.0,18.2,0.0,0.0
56.599999999999994,100.0,45.800000000000004,3.2,31.8,3.2,56.599999999999994,0.0
38.0,25.8,45.6,9.6,18.0,4.2,4.6,0.0
39.800000000000004,0.0,49.0,22.400000000000002,28.799999999999997,0.0,0.0,0.0
0.0,0.0,59.199999999999996,50.2,0.0,0.0,0.0,0.0
55.800000000000004,29.2,45.6,10.4,33.2,6.0,9.8,0.0
0.0,0.0,58.8,42.4,0.0,0.0,0.0,0.0
0.0,0.0,57.599999999999994,46.2,0.0,0.0,0.0,0.0
8.0,0.0,54.400000000000006,37.4,7.8,0.0,0.0,0.0
20.200000000000003,100.0,53.2,4.2,3.8,4.2,20.200000000000003,0.0
0.0,0.0,58.599999999999994,46.800000000000004,0.0,0.0,0.0,0.0
19.6,0.0,51.2,36.199999999999996,18.2,0.0,0.0,0.0
32.800000000000004,0.0,49.4,22.8,24.8,0.0,0.0,0.0
0.0,0.0,59.8,51.2,0.0,0.0,0.0,0.0
0.0,0.0,57.599999999999994,40.400000000000006,0.0,0.0,0.0,0.0
10.8,100.0,54.2,8.4,1.0,8.4,10.8,0.0
0.0,50.2,60.0,36.0,0.0,36.0,0.0,0.0
5.2,100.0,55.800000000000004,9.8,1.6,9.8,5.2,0.0
46.0,0.0,46.6,20.0,30.2,0.0,0.0,0.0
0.0,32.0,59.599999999999994,39.800000000000004,0.0,30.0,0.0,0.0
95.8,100.0,12.0,0.0,12.0,0.0,95.8,0.0
6.6000000000000005,100.0,56.00000000000001,8.799999999999999,1.0,8.799999999999999,6.6000000000000005,0.0
8.200000000000001,100.0,53.2,11.0,2.8000000000000003,11.0,8.200000000000001,0.0
16.6,64.8,51.4,11.600000000000001,8.200000000000001,11.600000000000001,14.799999999999999,0.0
47.8,0.0,46.2,16.6,30.4,0.0,0.0,0.0
56.599999999999994,58.8,45.800000000000004,8.6,30.8,8.6,29.2,0.0
63.800000000000004,0.4,41.8,8.4,32.0,0.0,0.0,0.0
18.0,0.0,51.2,37.2,16.6,0.0,0.0,0.0
0.0,40.0,59.8,39.4,0.0,34.2,0.0,0.0
77.4,100.0,35.4,3.0,30.0,3.0,77.4,0.0
25.2,0.0,50.6,32.2,22.0,0.0,0.0,0.0
13.0,0.0,52.2,38.2,12.0,0.0,0.0,0.0
0.8,100.0,57.199999999999996,9.8,0.2,9.8,0.8,0.0
80.60000000000001,100.0,0.0,1.6,0.0,1.6,80.60000000000001,0.0
48.4,67.2,44.800000000000004,10.2,27.0,10.2,30.4,0.0
31.6,0.0,50.2,26.400000000000002,25.0,0.0,0.0,0.0
22.8,0.0,51.4,34.8,21.0,0.0,0.0,0.0
1.4000000000000001,51.4,54.800000000000004,20.200000000000003,0.4,20.200000000000003,1.4000000000000001,0.0
8.0,0.0,53.800000000000004,39.800000000000004,7.8,0.0,0.0,0.0
0.0,100.0,66.8,9.4,0.0,9.4,0.0,0.0
54.400000000000006,0.6,42.6,11.799999999999999,31.0,0.0,0.0,0.0
11.0,0.0,52.400000000000006,38.2,10.0,0.0,0.0,0.0
89.0,100.0,12.0,0.4,12.0,0.4,89.0,0.0
19.400000000000002,0.0,51.4,35.199999999999996,18.0,0.0,0.0,0.0
1.7999999999999998,0.0,56.00000000000001,40.8,1.7999999999999998,0.0,0.0,0.0
16.400000000000002,0.0,51.800000000000004,38.2,15.4,0.0,0.0,0.0
8.200000000000001,0.0,54.400000000000006,39.4,8.200000000000001,0.0,0.0,0.0
0.0,0.2,58.8,42.4,0.0,0.2,0.0,0.0
38.6,0.0,47.599999999999994,22.6,28.4,0.0,0.0,0.0
43.6,0.0,47.0,16.6,28.999999999999996,0.0,0.0,0.0
0.0,11.200000000000001,60.6,49.4,0.0,11.200000000000001,0.0,0.0
0.0,0.0,59.199999999999996,43.4,0.0,0.0,0.0,0.0
2.0,44.4,54.0,24.0,1.0,23.799999999999997,1.6,0.2
0.0,100.0,62.8,15.6,0.0,15.6,0.0,0.0
11.4,0.0,52.6,38.0,10.4,0.0,0.0,0.0
0.0,0.0,61.199999999999996,52.6,0.0,0.0,0.0,0.0
88.2,100.0,3.2,0.0,3.2,0.0,88.2,0.0
77.8,100.0,41.199999999999996,0.6,31.8,0.6,77.8,0.0
21.4,0.0,51.2,33.4,19.6,0.0,0.0,0.0
0.0,0.0,60.199999999999996,54.400000000000006,0.0,0.0,0.0,0.0
1.2,0.0,55.800000000000004,38.6,1.2,0.0,0.0,0.0
70.8,100.0,36.0,3.4000000000000004,31.4,3.4000000000000004,70.8,0.0
29.4,100.0,51.6,9.4,17.0,9.4,29.4,0.0
0.0,57.99999999999999,59.8,21.4,0.0,21.4,0.0,0.0
1.0,0.0,55.800000000000004,40.6,1.0,0.0,0.0,0.0
0.0,21.8,63.2,51.2,0.0,21.8,0.0,0.0
0.0,0.0,59.0,49.4,0.0,0.0,0.0,0.0
0.0,0.0,56.99999999999999,45.4,0.0,0.0,0.0,0.0
0.0,0.0,56.99999999999999,43.2,0.0,0.0,0.0,0.0
0.0,26.0,60.0,45.4,0.0,25.6,0.0,0.0
0.0,0.0,59.8,51.4,0.0,0.0,0.0,0.0
68.8,100.0,41.4,4.2,33.6,4.2,68.8,0.0
0.0,100.0,60.8,13.200000000000001,0.0,13.200000000000001,0.0,0.0
0.6,100.0,58.4,11.799999999999999,0.4,11.799999999999999,0.6,0.0
19.0,0.0,51.4,37.0,17.8,0.0,0.0,0.0
76.2,17.8,32.0,3.0,29.4,0.6,10.4,0.0
25.2,0.0,50.0,30.0,21.8,0.0,0.0,0.0
0.0,30.599999999999998,62.0,48.199999999999996,0.0,29.4,0.0,0.0
0.0,60.6,62.8,24.0,0.0,24.0,0.0,0.0
12.8,0.0,52.2,39.0,11.799999999999999,0.0,0.0,0.0
59.0,22.8,44.800000000000004,8.6,29.799999999999997,2.6,11.4,0.0
3.4000000000000004,6.2,53.2,28.199999999999996,2.1999999999999997,5.800000000000001,0.6,0.0
65.4,16.400000000000002,41.6,7.000000000000001,32.6,1.4000000000000001,7.3999999999999995,0.0
35.6,100.0,51.2,4.8,21.0,4.8,35.6,0.0
0.0,34.2,60.4,46.800000000000004,0.0,32.4,0.0,0.0
60.199999999999996,0.0,43.0,11.0,31.6,0.0,0.0,0.0
0.0,0.0,56.8,40.8,0.0,0.0,0.0,0.0
36.6,0.0,48.4,20.200000000000003,27.400000000000002,0.0,0.0,0.0
0.0,0.0,60.8,50.2,0.0,0.0,0.0,0.0
72.0,100.0,38.0,1.2,27.0,1.2,72.0,0.0
19.6,1.2,50.6,24.6,16.2,1.0,0.0,0.0
31.0,0.0,49.8,26.0,24.4,0.0,0.0,0.0
83.8,100.0,24.6,0.4,21.6,0.4,83.8,0.0
0.0,2.8000000000000003,59.199999999999996,43.2,0.0,2.8000000000000003,0.0,0.0
53.400000000000006,54.0,43.2,10.4,30.0,10.4,24.8,0.0
65.8,0.0,39.2,12.0,30.4,0.0,0.0,0.0
31.2,0.0,50.2,29.599999999999998,25.2,0.0,0.0,0.0
57.8,0.0,42.0,17.599999999999998,32.800000000000004,0.0,0.0,0.0
42.8,0.0,48.0,16.6,28.599999999999998,0.0,0.0,0.0
75.0,100.0,35.8,1.7999999999999998,30.599999999999998,1.7999999999999998,75.0,0.0
0.0,0.0,59.599999999999994,46.800000000000004,0.0,0.0,0.0,0.0
0.0,53.6,60.0,32.0,0.0,32.0,0.0,0.0
34.2,100.0,51.800000000000004,8.799999999999999,19.0,8.799999999999999,34.2,0.0
18.2,0.0,50.8,36.6,16.8,0.0,0.0,0.0
16.8,0.0,51.4,35.6,15.4,0.0,0.0,0.0
53.800000000000004,30.2,42.8,11.200000000000001,32.4,6.800000000000001,10.0,0.0
23.200000000000003,0.0,51.0,33.0,20.599999999999998,0.0,0.0,0.0
16.2,100.0,51.4,9.6,4.3999999999999995,9.6,16.2,0.0
0.4,0.0,56.599999999999994,40.400000000000006,0.4,0.0,0.0,0.0
33.6,0.0,48.199999999999996,25.6,25.2,0.0,0.0,0.0
0.0,0.0,56.8,45.800000000000004,0.0,0.0,0.0,0.0
13.4,0.0,52.400000000000006,39.0,12.4,0.0,0.0,0.0
0.0,97.8,66.4,18.6,0.0,18.6,0.0,0.0
0.0,56.39999999999999,60.0,28.000000000000004,0.0,28.000000000000004,0.0,0.0
35.4,46.6,49.4,12.6,24.4,12.6,10.8,0.0
0.0,0.0,56.99999999999999,44.2,0.0,0.0,0.0,0.0
1.4000000000000001,0.0,55.60000000000001,39.0,1.4000000000000001,0.0,0.0,0.0
40.2,0.0,49.0,21.4,29.4,0.0,0.0,0.0
13.600000000000001,0.0,51.800000000000004,33.0,12.4,0.0,0.0,0.0
0.8,0.0,56.00000000000001,41.0,0.8,0.0,0.0,0.0
59.199999999999996,3.2,44.800000000000004,11.4,34.4,0.0,1.2,0.0
21.0,0.0,50.8,35.8,19.0,0.0,0.0,0.0
0.0,100.0,59.8,14.799999999999999,0.0,14.799999999999999,0.0,0.0
22.0,100.0,34.0,9.2,8.799999999999999,9.2,22.0,0.0
26.400000000000002,0.0,50.4,26.6,21.4,0.0,0.0,0.0
90.2,100.0,11.600000000000001,0.2,11.600000000000001,0.2,90.2,0.0
58.599999999999994,0.0,41.199999999999996,17.0,32.2,0.0,0.0,0.0
37.4,0.0,47.8,23.0,27.400000000000002,0.0,0.0,0.0
94.8,100.0,18.0,0.2,18.0,0.2,94.8,0.0
0.8,0.0,55.800000000000004,38.2,0.8,0.0,0.0,0.0
19.2,0.0,51.6,36.4,18.0,0.0,0.0,0.0
61.4,62.0,40.6,9.6,34.4,9.6,29.2,0.0
0.2,0.0,56.599999999999994,45.2,0.2,0.0,0.0,0.0
31.6,0.0,50.6,27.6,25.4,0.0,0.0,0.0
37.8,48.199999999999996,47.4,17.8,25.0,17.8,9.4,0.0
0.0,19.8,61.6,49.0,0.0,15.0,0.0,0.0
51.4,0.0,45.0,13.600000000000001,32.0,0.0,0.0,0.0
0.0,100.0,59.199999999999996,11.600000000000001,0.0,11.600000000000001,0.0,0.0
8.200000000000001,0.0,54.2,41.0,8.0,0.0,0.0,0.0
0.8,100.0,58.199999999999996,10.8,0.6,10.8,0.8,0.0
0.0,0.0,59.0,47.599999999999994,0.0,0.0,0.0,0.0
28.599999999999998,0.0,50.4,28.999999999999996,23.799999999999997,0.0,0.0,0.0
27.400000000000002,100.0,49.0,7.3999999999999995,7.8,7.3999999999999995,27.400000000000002,0.0
0.0,0.0,58.599999999999994,48.8,0.0,0.0,0.0,0.0
2.4,0.0,55.00000000000001,39.0,2.4,0.0,0.0,0.0
0.8,48.6,56.39999999999999,24.4,0.8,24.4,0.8,0.8
0.2,0.0,56.2,36.6,0.2,0.0,0.0,0.0
4.3999999999999995,0.0,54.6,41.6,4.3999999999999995,0.0,0.0,0.0
0.0,52.800000000000004,60.199999999999996,34.2,0.0,34.2,0.0,0.0
0.0,0.0,59.8,47.599999999999994,0.0,0.0,0.0,0.0
1.6,0.0,56.00000000000001,41.8,1.6,0.0,0.0,0.0
19.0,74.8,51.6,9.8,7.6,9.8,16.0,0.0
73.6,100.0,33.0,4.3999999999999995,30.4,4.3999999999999995,73.6,0.0
18.2,0.0,51.6,36.199999999999996,16.8,0.0,0.0,0.0
0.0,0.0,56.8,38.800000000000004,0.0,0.0,0.0,0.0
11.600000000000001,0.0,51.6,29.4,10.2,0.0,0.0,0.0
0.0,0.0,59.8,53.2,0.0,0.0,0.0,0.0
0.0,0.0,59.8,48.199999999999996,0.0,0.0,0.0,0.0
62.2,0.0,36.8,13.4,31.4,0.0,0.0,0.0
0.0,0.0,59.599999999999994,51.800000000000004,0.0,0.0,0.0,0.0
0.0,0.0,59.8,52.2,0.0,0.0,0.0,0.0
40.8,0.0,48.199999999999996,22.6,25.8,0.0,0.0,0.0
60.4,0.0,43.6,10.4,32.2,0.0,0.0,0.0
53.400000000000006,0.0,42.6,16.6,31.4,0.0,0.0,0.0
0.0,0.0,59.599999999999994,47.4,0.0,0.0,0.0,0.0
75.0,100.0,40.0,1.4000000000000001,31.2,1.4000000000000001,75.0,0.0
6.6000000000000005,0.0,54.2,39.4,6.4,0.0,0.0,0.0
0.0,0.0,57.99999999999999,45.6,0.0,0.0,0.0,0.0
73.4,100.0,43.6,1.2,31.8,1.2,73.4,0.0
82.39999999999999,100.0,24.0,3.5999999999999996,23.799999999999997,3.5999999999999996,82.39999999999999,0.0
0.0,50.4,58.4,25.6,0.0,25.6,0.0,0.0
9.4,0.0,52.400000000000006,38.800000000000004,8.4,0.0,0.0,0.0
68.8,0.0,37.8,8.799999999999999,31.6,0.0,0.0,0.0
0.8,0.0,55.60000000000001,38.6,0.8,0.0,0.0,0.0
28.999999999999996,0.0,50.2,27.800000000000004,24.0,0.0,0.0,0.0
12.0,88.6,52.400000000000006,10.2,3.8,10.2,12.0,0.0
0.0,100.0,66.0,12.2,0.0,12.2,0.0,0.0
41.0,0.0,48.8,18.8,29.599999999999998,0.0,0.0,0.0
0.0,0.0,59.4,44.6,0.0,0.0,0.0,0.0
85.39999999999999,100.0,5.2,0.0,4.3999999999999995,0.0,85.39999999999999,0.0
1.7999999999999998,0.0,55.800000000000004,41.0,1.7999999999999998,0.0,0.0,0.0
0.0,0.0,62.2,56.00000000000001,0.0,0.0,0.0,0.0
0.0,0.0,60.4,54.0,0.0,0.0,0.0,0.0
0.0,0.0,58.8,45.800000000000004,0.0,0.0,0.0,0.0
19.8,0.0,51.6,36.6,18.6,0.0,0.0,0.0
32.800000000000004,0.0,50.0,28.599999999999998,26.0,0.0,0.0,0.0
0.0,70.8,66.0,24.2,0.0,24.2,0.0,0.0
6.2,0.0,54.800000000000004,40.8,6.2,0.0,0.0,0.0
1.2,0.0,55.60000000000001,37.4,1.2,0.0,0.0,0.0
0.0,0.0,59.8,51.0,0.0,0.0,0.0,0.0
12.2,1.0,51.800000000000004,26.400000000000002,10.4,1.0,0.0,0.0
61.0,100.0,36.8,2.4,23.799999999999997,2.4,61.0,0.0
44.800000000000004,0.0,47.0,22.2,30.0,0.0,0.0,0.0
83.6,100.0,24.4,1.2,24.0,1.2,83.6,0.0
55.60000000000001,100.0,46.800000000000004,7.000000000000001,31.0,7.000000000000001,55.60000000000001,0.0
77.60000000000001,100.0,33.4,2.0,31.2,2.0,77.60000000000001,0.0
50.2,100.0,47.199999999999996,7.3999999999999995,31.4,7.3999999999999995,50.2,0.0
13.8,0.0,51.4,38.2,12.4,0.0,0.0,0.0
48.0,0.0,46.400000000000006,18.2,30.8,0.0,0.0,0.0
79.0,100.0,36.0,2.0,31.2,2.0,79.0,0.0
0.0,100.0,60.6,12.6,0.0,12.6,0.0,0.0
48.0,100.0,43.6,3.2,15.8,3.2,48.0,0.0
0.0,0.0,61.4,51.4,0.0,0.0,0.0,0.0
0.0,59.0,60.0,24.4,0.0,24.4,0.0,0.0
1.4000000000000001,44.6,55.800000000000004,26.400000000000002,1.4000000000000001,26.200000000000003,1.0,0.8
12.2,100.0,52.2,9.4,4.2,9.4,12.2,0.0
15.0,100.0,54.6,8.6,7.199999999999999,8.6,15.0,0.0
28.000000000000004,4.8,50.6,20.4,21.2,2.0,0.0,0.0
55.60000000000001,100.0,46.400000000000006,6.4,31.0,6.4,55.60000000000001,0.0
13.600000000000001,72.2,52.400000000000006,12.2,7.199999999999999,12.2,13.600000000000001,0.0
69.19999999999999,36.4,33.4,9.2,28.000000000000004,5.0,22.0,0.0
14.399999999999999,0.0,51.4,32.4,13.200000000000001,0.0,0.0,0.0
0.0,0.0,58.599999999999994,45.6,0.0,0.0,0.0,0.0
0.8,0.0,56.2,44.6,0.8,0.0,0.0,0.0
0.0,100.0,62.0,11.200000000000001,0.0,11.200000000000001,0.0,0.0
57.99999999999999,24.4,44.4,8.799999999999999,31.8,4.3999999999999995,9.6,0.0
0.0,0.0,61.199999999999996,53.6,0.0,0.0,0.0,0.0
86.6,93.2,21.6,0.8,20.4,0.8,80.80000000000001,0.0
4.2,0.0,54.800000000000004,39.800000000000004,4.2,0.0,0.0,0.0
4.3999999999999995,100.0,54.800000000000004,10.8,1.0,10.8,4.3999999999999995,0.0
0.0,100.0,61.8,13.8,0.0,13.8,0.0,0.0
50.6,72.6,43.6,10.2,29.2,10.2,33.0,0.0
1.0,78.2,57.599999999999994,15.0,0.8,15.0,1.0,0.8
0.0,3.0,60.199999999999996,49.2,0.0,3.0,0.0,0.0
0.0,21.4,62.6,51.4,0.0,21.4,0.0,0.0
0.0,12.2,60.0,47.0,0.0,12.2,0.0,0.0
37.2,48.4,49.2,11.4,21.4,11.4,15.8,0.0
9.4,0.0,52.0,29.2,8.200000000000001,0.0,0.0,0.0
28.999999999999996,9.4,49.6,19.6,21.2,3.0,0.0,0.0
4.8,100.0,53.400000000000006,9.6,1.4000000000000001,9.6,4.8,0.0
2.8000000000000003,65.0,54.6,14.6,0.6,14.6,2.8000000000000003,0.0
0.0,0.0,57.4,45.0,0.0,0.0,0.0,0.0
2.4,75.6,55.400000000000006,14.799999999999999,0.6,14.799999999999999,2.4,0.0
2.0,0.0,55.800000000000004,42.6,2.0,0.0,0.0,0.0
49.2,0.0,45.4,17.2,30.8,0.0,0.0,0.0
57.599999999999994,25.6,42.8,10.6,32.800000000000004,5.0,8.200000000000001,0.0
0.0,0.0,60.4,55.800000000000004,0.0,0.0,0.0,0.0
6.2,50.2,53.0,18.2,3.2,18.2,4.0,0.0
7.6,0.0,52.400000000000006,34.2,6.6000000000000005,0.0,0.0,0.0
3.2,51.2,53.6,19.400000000000002,1.0,19.400000000000002,2.8000000000000003,0.0
1.6,0.0,55.400000000000006,34.2,1.6,0.0,0.0,0.0
0.0,11.799999999999999,60.0,48.0,0.0,11.799999999999999,0.0,0.0
0.0,0.0,60.199999999999996,54.800000000000004,0.0,0.0,0.0,0.0
77.8,100.0,41.4,0.4,32.800000000000004,0.4,77.8,0.0
0.0,42.199999999999996,58.599999999999994,33.4,0.0,31.4,0.0,0.0
95.39999999999999,100.0,11.4,0.0,11.4,0.0,95.39999999999999,0.0
37.4,0.0,47.199999999999996,25.4,27.0,0.0,0.0,0.0
72.6,100.0,36.8,1.6,26.200000000000003,1.6,72.6,0.0
0.0,0.0,62.4,54.2,0.0,0.0,0.0,0.0
56.599999999999994,0.0,44.800000000000004,13.4,32.4,0.0,0.0,0.0
79.60000000000001,100.0,31.0,0.6,26.8,0.6,79.60000000000001,0.0
0.0,0.0,58.199999999999996,47.4,0.0,0.0,0.0,0.0
74.8,0.8,34.0,4.8,30.599999999999998,0.0,0.4,0.0
0.0,28.599999999999998,62.2,48.6,0.0,27.800000000000004,0.0,0.0
0.0,0.0,57.8,45.4,0.0,0.0,0.0,0.0
0.0,0.0,59.8,53.0,0.0,0.0,0.0,0.0
47.4,100.0,48.4,8.6,30.4,8.6,47.4,0.0
0.0,0.0,62.2,53.400000000000006,0.0,0.0,0.0,0.0
0.0,100.0,63.800000000000004,10.4,0.0,10.4,0.0,0.0
79.80000000000001,100.0,37.2,0.8,31.2,0.8,79.80000000000001,0.0
0.8,0.0,55.800000000000004,38.800000000000004,0.8,0.0,0.0,0.0
56.00000000000001,0.0,36.8,16.400000000000002,31.4,0.0,0.0,0.0
50.2,0.0,45.4,17.8,31.4,0.0,0.0,0.0
23.400000000000002,65.8,51.6,10.4,12.4,10.4,16.2,0.0
78.4,100.0,42.4,1.7999999999999998,32.6,1.7999999999999998,78.4,0.0
67.60000000000001,87.0,39.0,4.8,31.8,4.8,54.6,0.0
40.0,0.0,48.0,22.6,27.800000000000004,0.0,0.0,0.0
0.0,0.0,62.0,57.4,0.0,0.0,0.0,0.0
29.799999999999997,94.19999999999999,51.2,9.4,16.8,9.4,27.400000000000002,0.0
27.400000000000002,0.0,50.4,31.4,23.0,0.0,0.0,0.0
0.0,100.0,63.4,14.399999999999999,0.0,14.399999999999999,0.0,0.0
0.0,31.2,62.4,48.0,0.0,29.799999999999997,0.0,0.0
40.8,100.0,51.6,2.8000000000000003,14.000000000000002,2.8000000000000003,40.8,0.0
22.0,0.0,51.4,33.800000000000004,20.0,0.0,0.0,0.0
0.0,0.0,58.599999999999994,44.0,0.0,0.0,0.0,0.0
0.8,0.0,56.599999999999994,44.6,0.8,0.0,0.0,0.0
0.0,21.8,60.0,45.800000000000004,0.0,21.6,0.0,0.0
31.6,0.0,50.4,28.4,24.8,0.0,0.0,0.0
47.199999999999996,0.0,46.0,20.0,30.4,0.0,0.0,0.0
0.0,0.0,61.4,57.8,0.0,0.0,0.0,0.0
7.3999999999999995,0.0,54.0,37.8,6.800000000000001,0.0,0.0,0.0
0.0,0.0,59.4,45.6,0.0,0.0,0.0,0.0
87.8,100.0,19.0,1.4000000000000001,19.0,1.4000000000000001,87.8,0.0
17.0,0.0,51.800000000000004,38.2,15.8,0.0,0.0,0.0
0.0,0.0,62.2,57.8,0.0,0.0,0.0,0.0
0.8,76.0,56.99999999999999,15.2,0.2,15.2,0.8,0.0
61.0,0.0,43.4,11.0,32.0,0.0,0.0,0.0
24.4,17.2,50.4,18.6,17.0,7.3999999999999995,2.1999999999999997,0.0
41.4,100.0,49.6,7.8,27.6,7.8,41.4,0.0
57.99999999999999,23.599999999999998,45.0,10.0,32.800000000000004,3.2,7.3999999999999995,0.0
57.599999999999994,100.0,44.6,5.6000000000000005,32.6,5.6000000000000005,57.599999999999994,0.0
81.0,100.0,37.0,2.4,33.2,2.4,81.0,0.0
23.200000000000003,0.0,50.8,26.200000000000003,19.2,0.0,0.0,0.0
0.0,0.0,59.8,48.4,0.0,0.0,0.0,0.0
20.200000000000003,0.0,51.4,32.2,18.4,0.0,0.0,0.0
0.4,0.0,56.599999999999994,40.400000000000006,0.4,0.0,0.0,0.0
0.0,0.0,58.8,44.4,0.0,0.0,0.0,0.0
28.599999999999998,0.0,50.0,31.4,23.799999999999997,0.0,0.0,0.0
22.6,0.0,51.2,29.799999999999997,19.6,0.0,0.0,0.0
0.0,44.2,58.4,30.0,0.0,29.4,0.0,0.0
14.000000000000002,100.0,51.800000000000004,8.6,2.1999999999999997,8.6,14.000000000000002,0.0
0.0,1.6,61.4,51.4,0.0,1.6,0.0,0.0
0.0,0.0,57.99999999999999,45.6,0.0,0.0,0.0,0.0
1.4000000000000001,100.0,57.599999999999994,11.200000000000001,0.8,11.200000000000001,1.4000000000000001,0.0
75.4,10.2,33.0,5.2,30.0,0.0,4.2,0.0
26.8,0.0,50.4,32.4,22.8,0.0,0.0,0.0
53.2,57.599999999999994,43.2,7.8,29.599999999999998,7.8,24.8,0.0
0.8,0.0,56.00000000000001,43.0,0.8,0.0,0.0,0.0
0.0,13.8,61.6,51.0,0.0,13.8,0.0,0.0
25.2,0.0,50.8,32.4,21.8,0.0,0.0,0.0
31.6,0.0,50.0,27.200000000000003,25.0,0.0,0.0,0.0
0.6,54.2,57.8,22.2,0.6,22.2,0.6,0.6
14.000000000000002,100.0,54.0,9.4,7.000000000000001,9.4,14.000000000000002,0.0
81.8,100.0,28.599999999999998,1.6,28.000000000000004,1.6,81.8,0.0
43.4,100.0,51.4,5.2,19.8,5.2,43.4,0.0
0.8,0.0,55.60000000000001,39.800000000000004,0.8,0.0,0.0,0.0
20.200000000000003,56.39999999999999,51.6,14.2,12.4,14.2,11.200000000000001,0.0
5.0,0.0,55.00000000000001,40.0,5.0,0.0,0.0,0.0
0.0,0.0,60.0,54.0,0.0,0.0,0.0,0.0
0.0,27.400000000000002,59.8,43.0,0.0,26.8,0.0,0.0
3.2,0.0,54.800000000000004,38.800000000000004,3.2,0.0,0.0,0.0
86.8,100.0,17.2,0.8,17.2,0.8,86.8,0.0
13.4,0.0,51.4,35.199999999999996,12.0,0.0,0.0,0.0
88.4,100.0,17.2,0.2,16.400000000000002,0.2,88.4,0.0
0.0,0.0,57.99999999999999,46.800000000000004,0.0,0.0,0.0,0.0
82.39999999999999,23.400000000000002,34.2,1.7999999999999998,30.0,0.4,14.399999999999999,0.0
9.6,0.0,53.0,40.0,8.799999999999999,0.0,0.0,0.0
0.0,100.0,64.4,9.2,0.0,9.2,0.0,0.0
28.4,100.0,51.4,8.4,14.799999999999999,8.4,28.4,0.0
21.6,0.0,51.4,36.0,20.200000000000003,0.0,0.0,0.0
65.4,2.4,41.199999999999996,7.8,32.6,0.2,0.4,0.0
0.0,0.0,62.4,54.400000000000006,0.0,0.0,0.0,0.0
83.8,100.0,28.999999999999996,1.6,28.199999999999996,1.6,83.8,0.0
0.0,0.0,59.199999999999996,43.0,0.0,0.0,0.0,0.0
0.0,0.0,57.599999999999994,46.0,0.0,0.0,0.0,0.0
36.199999999999996,11.0,48.8,16.8,26.400000000000002,3.2,0.8,0.0
62.6,100.0,45.0,6.2,31.8,6.2,62.6,0.0
51.6,2.0,44.6,13.600000000000001,32.0,0.0,0.0,0.0
0.0,0.0,61.6,57.8,0.0,0.0,0.0,0.0
0.0,0.0,60.8,54.6,0.0,0.0,0.0,0.0
0.0,49.2,64.60000000000001,46.400000000000006,0.0,43.4,0.0,0.0
0.0,56.2,58.8,23.599999999999998,0.0,23.599999999999998,0.0,0.0
56.00000000000001,0.0,42.199999999999996,17.0,32.0,0.0,0.0,0.0
0.0,82.0,62.8,18.8,0.0,18.8,0.0,0.0
0.0,0.0,61.8,54.6,0.0,0.0,0.0,0.0
4.2,100.0,56.39999999999999,11.600000000000001,1.2,11.600000000000001,4.2,0.0
0.0,45.800000000000004,58.4,29.799999999999997,0.0,29.2,0.0,0.0
78.8,100.0,30.599999999999998,3.0,29.4,3.0,78.8,0.0
63.6,0.0,41.4,10.8,32.2,0.0,0.0,0.0
69.0,100.0,43.0,5.0,33.0,5.0,69.0,0.0
0.0,55.400000000000006,65.2,40.0,0.0,40.0,0.0,0.0
0.0,47.4,59.599999999999994,34.2,0.0,33.800000000000004,0.0,0.0
23.400000000000002,0.0,50.8,34.4,21.0,0.0,0.0,0.0
0.0,0.0,57.99999999999999,41.4,0.0,0.0,0.0,0.0
0.0,60.0,62.0,25.6,0.0,25.6,0.0,0.0
0.0,0.6,57.99999999999999,40.400000000000006,0.0,0.6,0.0,0.0
0.0,0.0,58.4,46.0,0.0,0.0,0.0,0.0
41.4,100.0,49.4,8.6,25.0,8.6,41.4,0.0
33.0,0.0,50.2,29.4,26.200000000000003,0.0,0.0,0.0
7.8,0.0,54.400000000000006,40.8,7.8,0.0,0.0,0.0
48.0,0.0,47.4,18.6,29.2,0.0,0.0,0.0
16.6,0.0,52.0,38.2,15.4,0.0,0.0,0.0
34.2,0.0,49.8,27.800000000000004,26.400000000000002,0.0,0.0,0.0
11.600000000000001,0.0,52.6,39.4,10.6,0.0,0.0,0.0
0.0,0.0,59.8,50.6,0.0,0.0,0.0,0.0
0.2,0.0,56.39999999999999,42.199999999999996,0.2,0.0,0.0,0.0
0.6,71.0,59.4,15.0,0.4,15.0,0.6,0.2
0.0,55.400000000000006,62.0,33.2,0.0,33.2,0.0,0.0
0.0,0.0,60.199999999999996,52.400000000000006,0.0,0.0,0.0,0.0
9.8,56.8,52.2,16.0,5.800000000000001,16.0,7.000000000000001,0.0
0.0,1.2,59.0,41.6,0.0,1.2,0.0,0.0
0.8,100.0,56.99999999999999,11.600000000000001,0.2,11.600000000000001,0.8,0.0
0.0,100.0,62.8,13.0,0.0,13.0,0.0,0.0
24.2,38.6,50.2,16.8,16.8,15.8,5.6000000000000005,0.0
0.0,43.0,59.599999999999994,34.4,0.0,32.2,0.0,0.0
0.0,0.0,60.199999999999996,50.2,0.0,0.0,0.0,0.0
0.0,71.8,60.4,18.0,0.0,18.0,0.0,0.0
88.6,100.0,27.6,0.0,25.4,0.0,88.6,0.0
0.0,0.0,59.8,54.0,0.0,0.0,0.0,0.0
0.0,0.0,59.199999999999996,48.4,0.0,0.0,0.0,0.0
69.6,25.2,42.8,7.3999999999999995,32.4,2.1999999999999997,14.2,0.0
3.0,0.0,55.00000000000001,38.0,3.0,0.0,0.0,0.0
33.800000000000004,0.0,48.8,24.0,25.6,0.0,0.0,0.0
16.2,0.0,51.6,36.6,15.0,0.0,0.0,0.0
30.2,88.4,50.6,9.8,17.599999999999998,9.8,25.6,0.0
13.0,0.0,51.800000000000004,35.0,11.799999999999999,0.0,0.0,0.0
79.2,2.0,27.200000000000003,5.2,26.6,0.0,0.6,0.0
26.6,0.0,50.0,32.800000000000004,22.400000000000002,0.0,0.0,0.0
5.2,0.0,54.800000000000004,40.8,5.2,0.0,0.0,0.0
0.8,0.0,56.2,44.2,0.8,0.0,0.0,0.0
1.0,0.0,56.2,42.8,1.0,0.0,0.0,0.0
38.800000000000004,39.6,48.0,13.200000000000001,27.0,12.4,6.800000000000001,0.0
89.60000000000001,100.0,18.0,0.2,18.0,0.2,89.60000000000001,0.0
0.0,5.0,60.4,49.4,0.0,5.0,0.0,0.0
24.2,0.0,51.2,34.2,21.4,0.0,0.0,0.0
9.6,0.0,52.6,34.0,8.4,0.0,0.0,0.0
14.000000000000002,15.6,51.4,22.6,10.2,9.2,0.8,0.0
0.0,0.0,61.0,53.6,0.0,0.0,0.0,0.0
78.8,100.0,30.4,3.4000000000000004,29.4,3.4000000000000004,78.8,0.0
8.799999999999999,0.0,52.800000000000004,37.6,7.8,0.0,0.0,0.0
0.0,0.0,58.199999999999996,46.400000000000006,0.0,0.0,0.0,0.0
84.2,100.0,35.0,0.2,31.2,0.2,84.2,0.0
30.4,57.599999999999994,48.6,11.200000000000001,18.6,11.200000000000001,15.4,0.0
1.0,37.4,55.800000000000004,27.200000000000003,0.6,25.4,1.0,0.4
0.0,0.0,58.4,44.0,0.0,0.0,0.0,0.0
52.2,0.0,43.8,14.2,32.2,0.0,0.0,0.0
12.4,0.0,52.2,38.6,11.4,0.0,0.0,0.0
0.0,37.8,63.6,49.4,0.0,36.4,0.0,0.0
63.4,100.0,39.6,2.6,31.8,2.6,63.4,0.0
36.6,100.0,47.8,7.000000000000001,14.799999999999999,7.000000000000001,36.6,0.0
56.39999999999999,100.0,42.6,5.2,24.4,5.2,56.39999999999999,0.0
0.8,0.0,56.2,40.8,0.8,0.0,0.0,0.0
39.4,75.0,47.4,6.0,19.2,6.0,33.800000000000004,0.0
64.60000000000001,46.0,42.199999999999996,7.000000000000001,32.6,7.000000000000001,24.2,0.0
0.0,100.0,61.8,12.0,0.0,12.0,0.0,0.0
0.0,0.0,57.99999999999999,43.8,0.0,0.0,0.0,0.0
3.2,100.0,53.2,12.2,1.0,12.2,3.2,0.0
0.0,0.0,62.0,57.599999999999994,0.0,0.0,0.0,0.0
0.6,0.0,56.39999999999999,42.199999999999996,0.6,0.0,0.0,0.0
20.8,0.0,51.0,32.6,18.4,0.0,0.0,0.0
23.0,0.0,50.8,27.6,19.2,0.0,0.0,0.0
49.4,0.0,47.8,17.8,32.2,0.0,0.0,0.0
0.0,0.6,59.0,43.0,0.0,0.6,0.0,0.0
14.6,0.0,51.4,28.799999999999997,12.8,0.0,0.0,0.0
10.8,0.0,51.6,27.6,9.4,0.0,0.0,0.0
95.8,100.0,12.4,0.0,12.4,0.0,95.8,0.0
0.0,20.8,60.199999999999996,46.0,0.0,20.8,0.0,0.0
0.0,29.4,56.8,30.599999999999998,0.0,26.0,0.0,0.0
0.0,0.0,59.599999999999994,48.6,0.0,0.0,0.0,0.0
55.400000000000006,13.0,43.4,12.0,32.6,1.4000000000000001,3.5999999999999996,0.0
0.0,100.0,60.0,12.4,0.0,12.4,0.0,0.0
57.99999999999999,100.0,39.800000000000004,2.8000000000000003,21.8,2.8000000000000003,57.99999999999999,0.0
0.0,0.0,62.6,55.60000000000001,0.0,0.0,0.0,0.0
0.0,0.0,58.599999999999994,45.6,0.0,0.0,0.0,0.0
1.7999999999999998,0.0,55.2,41.6,1.7999999999999998,0.0,0.0,0.0
4.6,13.4,52.400000000000006,25.6,3.4000000000000004,10.0,0.6,0.0
0.0,0.0,60.0,52.6,0.0,0.0,0.0,0.0
96.0,100.0,0.0,0.0,0.0,0.0,96.0,0.0
0.8,0.0,56.2,40.6,0.8,0.0,0.0,0.0
0.0,0.0,58.8,43.2,0.0,0.0,0.0,0.0
5.2,0.0,53.400000000000006,35.8,4.2,0.0,0.0,0.0
0.0,0.0,59.4,49.8,0.0,0.0,0.0,0.0
0.0,100.0,60.8,13.600000000000001,0.0,13.600000000000001,0.0,0.0
0.0,0.0,57.4,40.400000000000006,0.0,0.0,0.0,0.0
0.8,0.0,55.60000000000001,39.2,0.8,0.0,0.0,0.0
49.2,6.800000000000001,38.800000000000004,22.6,31.8,0.0,0.0,0.0
60.6,0.0,43.6,12.2,32.4,0.0,0.0,0.0
74.0,76.0,22.6,3.4000000000000004,20.4,3.4000000000000004,53.0,0.0
0.0,2.0,59.8,46.2,0.0,2.0,0.0,0.0
54.400000000000006,2.1999999999999997,43.6,13.200000000000001,32.6,0.0,0.4,0.0
0.0,48.199999999999996,57.8,26.400000000000002,0.0,26.400000000000002,0.0,0.0
84.8,100.0,32.0,0.2,28.599999999999998,0.2,84.8,0.0
0.0,0.0,59.8,51.2,0.0,0.0,0.0,0.0
22.8,0.0,50.8,34.4,20.8,0.0,0.0,0.0
29.599999999999998,0.0,50.4,29.2,24.6,0.0,0.0,0.0
11.0,10.4,52.2,25.8,9.0,7.6,0.4,0.0
0.0,57.4,59.8,23.799999999999997,0.0,23.799999999999997,0.0,0.0
55.60000000000001,100.0,45.800000000000004,6.800000000000001,30.8,6.800000000000001,55.60000000000001,0.0
29.599999999999998,0.2,50.0,23.0,22.2,0.2,0.0,0.0
39.6,0.0,48.4,22.0,28.000000000000004,0.0,0.0,0.0
37.6,100.0,50.8,7.199999999999999,24.0,7.199999999999999,37.6,0.0
3.5999999999999996,100.0,56.2,10.0,1.0,10.0,3.5999999999999996,0.0
80.4,100.0,27.0,1.0,23.200000000000003,1.0,80.4,0.0
6.0,100.0,55.2,9.6,1.0,9.6,6.0,0.0
39.6,0.0,47.199999999999996,24.0,28.199999999999996,0.0,0.0,0.0
0.8,0.0,56.00000000000001,42.0,0.8,0.0,0.0,0.0
57.4,1.2,44.800000000000004,12.0,34.0,0.0,0.4,0.0
0.0,0.2,59.4,46.0,0.0,0.2,0.0,0.0
0.0,22.2,62.2,50.2,0.0,22.2,0.0,0.0
0.0,0.0,61.8,56.599999999999994,0.0,0.0,0.0,0.0
1.2,0.0,55.2,32.0,1.2,0.0,0.0,0.0
0.0,0.0,56.99999999999999,41.199999999999996,0.0,0.0,0.0,0.0
26.8,0.0,50.2,31.8,22.6,0.0,0.0,0.0
0.8,0.0,56.2,41.4,0.8,0.0,0.0,0.0
4.3999999999999995,0.0,54.6,37.0,4.2,0.0,0.0,0.0
43.8,0.0,47.0,17.8,28.999999999999996,0.0,0.0,0.0
0.0,0.0,56.99999999999999,44.800000000000004,0.0,0.0,0.0,0.0
58.599999999999994,100.0,45.6,7.000000000000001,32.4,7.000000000000001,58.599999999999994,0.0
78.60000000000001,100.0,30.8,3.4000000000000004,29.799999999999997,3.4000000000000004,78.60000000000001,0.0
18.0,0.0,51.2,32.2,16.6,0.0,0.0,0.0
75.4,100.0,36.4,1.7999999999999998,32.6,1.7999999999999998,75.4,0.0
0.0,0.0,57.199999999999996,43.6,0.0,0.0,0.0,0.0
0.0,1.6,60.0,43.8,0.0,1.6,0.0,0.0
4.8,0.0,54.6,39.0,4.8,0.0,0.0,0.0
61.4,100.0,43.0,7.000000000000001,33.2,7.000000000000001,61.4,0.0
24.0,0.0,50.8,33.4,21.0,0.0,0.0,0.0
0.0,0.0,57.8,43.8,0.0,0.0,0.0,0.0
61.4,100.0,44.2,1.6,25.2,1.6,61.4,0.0
83.2,72.0,34.0,2.8000000000000003,32.0,2.8000000000000003,57.4,0.0
90.8,100.0,3.4000000000000004,0.0,3.4000000000000004,0.0,90.8,0.0
0.0,0.0,56.8,37.6,0.0,0.0,0.0,0.0
19.400000000000002,0.0,51.6,36.8,18.2,0.0,0.0,0.0
36.6,0.0,47.8,23.799999999999997,26.8,0.0,0.0,0.0
89.2,54.6,6.800000000000001,1.6,6.800000000000001,1.6,46.0,0.0
36.199999999999996,8.200000000000001,48.199999999999996,16.6,26.400000000000002,2.1999999999999997,0.8,0.0
0.0,4.0,57.99999999999999,30.0,0.0,4.0,0.0,0.0
0.0,0.0,59.8,53.2,0.0,0.0,0.0,0.0
5.6000000000000005,0.0,54.0,37.4,5.4,0.0,0.0,0.0
22.0,100.0,52.0,10.2,12.2,10.2,22.0,0.0
36.6,32.2,49.2,13.8,25.4,11.200000000000001,6.2,0.0
19.2,0.0,51.4,34.0,17.8,0.0,0.0,0.0
40.2,0.0,50.0,17.2,28.199999999999996,0.0,0.0,0.0
0.0,100.0,62.2,13.4,0.0,13.4,0.0,0.0
16.8,100.0,50.4,7.000000000000001,2.0,7.000000000000001,16.8,0.0
16.400000000000002,56.39999999999999,51.2,13.4,9.0,13.4,11.0,0.0
5.4,100.0,55.400000000000006,10.2,0.8,10.2,5.4,0.0
0.8,0.0,56.00000000000001,42.6,0.8,0.0,0.0,0.0
63.4,0.4,42.0,8.799999999999999,32.2,0.0,0.0,0.0
62.8,74.4,43.2,6.800000000000001,33.0,6.800000000000001,42.0,0.0
45.0,100.0,48.4,9.0,26.200000000000003,9.0,45.0,0.0
2.0,8.4,54.400000000000006,28.199999999999996,1.4000000000000001,7.000000000000001,0.6,0.2
17.0,100.0,53.800000000000004,3.4000000000000004,2.8000000000000003,3.4000000000000004,17.0,0.0
0.0,100.0,60.4,12.2,0.0,12.2,0.0,0.0
0.0,40.2,62.6,47.4,0.0,37.8,0.0,0.0
0.0,100.0,62.2,15.4,0.0,15.4,0.0,0.0
0.0,0.0,59.8,50.8,0.0,0.0,0.0,0.0
20.4,0.0,51.6,30.0,18.2,0.0,0.0,0.0
77.2,63.2,31.6,2.1999999999999997,29.799999999999997,2.1999999999999997,43.8,0.0
0.0,0.0,57.8,43.0,0.0,0.0,0.0,0.0
0.0,0.6,59.4,44.800000000000004,0.0,0.6,0.0,0.0
47.199999999999996,1.6,46.6,14.000000000000002,30.4,0.0,0.0,0.0
56.00000000000001,0.0,45.0,14.2,31.2,0.0,0.0,0.0
0.0,0.0,58.199999999999996,45.6,0.0,0.0,0.0,0.0
0.0,0.0,56.99999999999999,38.6,0.0,0.0,0.0,0.0
0.0,0.0,57.199999999999996,42.0,0.0,0.0,0.0,0.0
0.8,100.0,57.599999999999994,11.200000000000001,0.6,11.200000000000001,0.8,0.0
0.0,0.0,59.4,48.199999999999996,0.0,0.0,0.0,0.0
0.8,0.0,56.00000000000001,40.6,0.8,0.0,0.0,0.0
1.0,47.199999999999996,56.2,24.8,1.0,24.6,1.0,0.8
0.8,0.0,56.00000000000001,43.0,0.8,0.0,0.0,0.0
33.4,0.0,48.6,27.800000000000004,25.8,0.0,0.0,0.0
37.8,37.0,49.2,13.200000000000001,26.400000000000002,12.0,7.3999999999999995,0.0
0.0,100.0,59.599999999999994,15.8,0.0,15.8,0.0,0.0
93.8,100.0,19.6,0.2,19.6,0.2,93.8,0.0
0.0,0.0,59.8,50.8,0.0,0.0,0.0,0.0
57.599999999999994,7.8,44.0,11.799999999999999,34.0,0.8,3.2,0.0
52.800000000000004,39.4,43.8,11.0,31.8,10.2,15.6,0.0
2.1999999999999997,0.0,55.400000000000006,41.8,2.1999999999999997,0.0,0.0,0.0
14.399999999999999,3.8,51.4,25.4,11.4,2.6,0.0,0.0
19.400000000000002,0.0,51.4,35.8,17.8,0.0,0.0,0.0
72.0,100.0,35.8,2.8000000000000003,31.0,2.8000000000000003,72.0,0.0
1.2,100.0,56.99999999999999,9.8,0.4,9.8,1.2,0.0
48.6,43.4,43.8,12.0,31.0,12.0,11.0,0.0
17.599999999999998,0.0,51.4,34.599999999999994,16.2,0.0,0.0,0.0
41.4,82.6,47.199999999999996,6.6000000000000005,20.599999999999998,6.6000000000000005,33.800000000000004,0.0
5.2,100.0,54.400000000000006,10.8,0.8,10.8,5.2,0.0
40.6,0.0,49.0,16.8,28.599999999999998,0.0,0.0,0.0
0.0,4.6,62.2,52.6,0.0,4.2,0.0,0.0
5.800000000000001,0.0,54.800000000000004,42.0,5.800000000000001,0.0,0.0,0.0
0.8,100.0,57.99999999999999,12.4,0.6,12.4,0.8,0.0
53.0,100.0,46.6,5.800000000000001,31.6,5.800000000000001,53.0,0.0
0.0,100.0,62.2,14.399999999999999,0.0,14.399999999999999,0.0,0.0
44.4,50.4,46.6,10.6,26.0,10.2,23.599999999999998,0.0
85.0,100.0,23.0,1.6,22.8,1.6,85.0,0.0
1.7999999999999998,0.0,55.60000000000001,40.400000000000006,1.7999999999999998,0.0,0.0,0.0
33.0,0.0,49.8,27.6,25.4,0.0,0.0,0.0
67.0,8.4,39.6,6.800000000000001,32.0,0.8,4.0,0.0
0.4,0.0,56.599999999999994,39.800000000000004,0.4,0.0,0.0,0.0
0.2,100.0,59.199999999999996,8.799999999999999,0.2,8.799999999999999,0.2,0.0
0.0,100.0,60.6,10.4,0.0,10.4,0.0,0.0
0.0,0.4,56.39999999999999,35.6,0.0,0.4,0.0,0.0
0.0,0.0,60.4,51.6,0.0,0.0,0.0,0.0
0.0,8.200000000000001,59.8,46.6,0.0,8.200000000000001,0.0,0.0
0.0,0.0,60.4,54.400000000000006,0.0,0.0,0.0,0.0
20.599999999999998,0.0,51.6,36.4,19.400000000000002,0.0,0.0,0.0
0.0,57.8,64.60000000000001,31.8,0.0,31.8,0.0,0.0
0.0,100.0,59.8,13.200000000000001,0.0,13.200000000000001,0.0,0.0
0.0,4.8,60.6,50.2,0.0,4.8,0.0,0.0
0.0,18.2,60.199999999999996,42.199999999999996,0.0,18.2,0.0,0.0
0.0,0.0,59.199999999999996,46.0,0.0,0.0,0.0,0.0
12.0,0.0,52.800000000000004,40.400000000000006,11.200000000000001,0.0,0.0,0.0
7.199999999999999,0.0,55.00000000000001,41.6,7.199999999999999,0.0,0.0,0.0
0.0,0.0,58.199999999999996,47.199999999999996,0.0,0.0,0.0,0.0
0.0,100.0,58.8,10.8,0.0,10.8,0.0,0.0
0.0,0.0,57.8,42.8,0.0,0.0,0.0,0.0
6.2,100.0,54.800000000000004,8.799999999999999,0.2,8.799999999999999,6.2,0.0
28.000000000000004,100.0,51.0,7.199999999999999,15.2,7.199999999999999,28.000000000000004,0.0
0.0,0.0,60.199999999999996,51.2,0.0,0.0,0.0,0.0
54.2,38.0,42.4,10.4,31.8,8.4,14.399999999999999,0.0
39.0,0.0,47.199999999999996,25.4,28.4,0.0,0.0,0.0
26.0,0.0,50.2,32.800000000000004,22.400000000000002,0.0,0.0,0.0
24.2,0.0,50.4,28.000000000000004,20.599999999999998,0.0,0.0,0.0
39.800000000000004,0.0,47.4,22.8,28.999999999999996,0.0,0.0,0.0
70.8,100.0,35.6,3.2,30.599999999999998,3.2,70.8,0.0
0.8,0.0,55.800000000000004,41.0,0.8,0.0,0.0,0.0
39.4,0.0,47.199999999999996,24.4,28.199999999999996,0.0,0.0,0.0
36.8,0.0,48.199999999999996,25.2,27.0,0.0,0.0,0.0
0.0,41.4,60.0,39.800000000000004,0.0,35.4,0.0,0.0
0.4,100.0,60.8,9.6,0.0,9.6,0.4,0.0
0.0,0.6,57.4,38.2,0.0,0.6,0.0,0.0
0.0,0.0,59.0,43.0,0.0,0.0,0.0,0.0
35.199999999999996,0.0,48.199999999999996,26.6,26.0,0.0,0.0,0.0
0.0,0.0,59.599999999999994,51.2,0.0,0.0,0.0,0.0
96.0,100.0,3.2,0.0,3.2,0.0,96.0,0.0
0.0,100.0,50.4,8.799999999999999,0.0,8.799999999999999,0.0,0.0
90.4,100.0,21.6,0.0,21.2,0.0,90.4,0.0
1.2,0.0,55.800000000000004,35.0,1.2,0.0,0.0,0.0
0.0,73.8,60.0,20.599999999999998,0.0,20.599999999999998,0.0,0.0
0.8,0.0,56.00000000000001,41.0,0.8,0.0,0.0,0.0
15.0,8.200000000000001,51.6,23.200000000000003,12.2,3.8,0.6,0.0
9.6,0.0,52.400000000000006,39.0,8.799999999999999,0.0,0.0,0.0
0.4,0.0,56.599999999999994,43.8,0.4,0.0,0.0,0.0
0.0,0.0,59.0,46.0,0.0,0.0,0.0,0.0
69.0,88.4,35.8,6.0,28.999999999999996,6.0,62.2,0.0
21.2,0.0,51.2,35.0,19.400000000000002,0.0,0.0,0.0
4.8,0.0,55.00000000000001,40.0,4.8,0.0,0.0,0.0
31.8,100.0,47.8,1.7999999999999998,1.6,1.7999999999999998,31.8,0.0
22.8,0.0,50.4,28.199999999999996,19.6,0.0,0.0,0.0
0.0,0.0,60.0,49.8,0.0,0.0,0.0,0.0
38.6,100.0,50.4,7.3999999999999995,22.400000000000002,7.3999999999999995,38.6,0.0
0.0,0.0,58.599999999999994,49.0,0.0,0.0,0.0,0.0
0.8,0.0,56.00000000000001,38.800000000000004,0.8,0.0,0.0,0.0
0.0,0.0,58.8,44.4,0.0,0.0,0.0,0.0
0.0,100.0,60.8,11.0,0.0,11.0,0.0,0.0
18.4,66.60000000000001,52.6,4.8,4.3999999999999995,4.8,18.4,0.0
0.8,0.0,56.2,41.199999999999996,0.8,0.0,0.0,0.0
25.2,100.0,54.2,7.199999999999999,14.000000000000002,7.199999999999999,25.2,0.0
0.0,25.6,60.8,47.8,0.0,25.4,0.0,0.0
28.799999999999997,22.0,49.6,16.6,20.4,8.0,2.4,0.0
0.0,100.0,61.0,11.200000000000001,0.0,11.200000000000001,0.0,0.0
62.2,33.4,43.2,8.0,31.8,7.000000000000001,15.2,0.0
40.2,0.0,48.4,23.200000000000003,29.4,0.0,0.0,0.0
37.2,100.0,43.8,3.0,7.3999999999999995,3.0,37.2,0.0
0.0,0.0,60.4,49.0,0.0,0.0,0.0,0.0
37.6,18.6,49.0,14.6,26.200000000000003,5.6000000000000005,2.4,0.0
35.4,0.0,47.8,27.0,26.200000000000003,0.0,0.0,0.0
36.4,0.0,47.599999999999994,27.0,26.8,0.0,0.0,0.0
0.0,5.800000000000001,60.4,47.8,0.0,4.8,0.0,0.0
50.2,100.0,48.0,4.3999999999999995,29.799999999999997,4.3999999999999995,50.2,0.0
36.199999999999996,0.0,47.8,25.2,27.200000000000003,0.0,0.0,0.0
23.200000000000003,0.0,50.8,29.799999999999997,20.200000000000003,0.0,0.0,0.0
73.6,35.4,33.6,6.800000000000001,30.4,3.4000000000000004,23.599999999999998,0.0
21.6,0.0,51.6,33.0,19.8,0.0,0.0,0.0
94.6,100.0,19.2,0.2,19.2,0.2,94.6,0.0
56.00000000000001,0.0,45.4,13.8,33.2,0.0,0.0,0.0
4.8,100.0,58.4,8.4,0.8,8.4,4.8,0.0
0.0,62.6,59.199999999999996,19.400000000000002,0.0,19.400000000000002,0.0,0.0
1.4000000000000001,46.0,56.00000000000001,25.2,1.4000000000000001,25.0,1.2,1.0
0.0,0.0,57.8,43.0,0.0,0.0,0.0,0.0
2.4,0.0,53.800000000000004,30.0,1.4000000000000001,0.0,0.0,0.0
13.200000000000001,0.0,52.0,33.800000000000004,11.799999999999999,0.0,0.0,0.0
0.0,92.60000000000001,66.0,19.2,0.0,19.2,0.0,0.0
58.599999999999994,10.8,40.0,9.6,30.599999999999998,0.8,0.0,0.0
2.0,100.0,57.599999999999994,9.2,0.2,9.2,2.0,0.0
0.0,99.4,60.0,17.0,0.0,17.0,0.0,0.0
0.8,0.0,55.00000000000001,33.2,0.8,0.0,0.0,0.0
19.8,0.0,51.4,36.199999999999996,18.4,0.0,0.0,0.0
0.0,0.0,58.599999999999994,47.4,0.0,0.0,0.0,0.0
35.4,56.99999999999999,48.8,11.200000000000001,23.200000000000003,11.200000000000001,16.6,0.0
90.4,100.0,6.2,0.0,6.0,0.0,90.4,0.0
0.0,0.0,57.199999999999996,45.0,0.0,0.0,0.0,0.0
0.0,0.0,59.8,50.0,0.0,0.0,0.0,0.0
60.199999999999996,100.0,48.199999999999996,2.4,27.200000000000003,2.4,60.199999999999996,0.0
42.4,39.4,46.400000000000006,11.200000000000001,23.799999999999997,11.0,13.200000000000001,0.0
63.800000000000004,100.0,42.199999999999996,5.4,32.4,5.4,63.800000000000004,0.0
92.60000000000001,100.0,20.4,0.2,20.4,0.2,92.60000000000001,0.0
0.8,0.0,56.39999999999999,45.0,0.8,0.0,0.0,0.0
9.2,0.0,51.800000000000004,31.8,8.0,0.0,0.0,0.0
46.6,100.0,42.4,2.0,12.0,2.0,46.6,0.0
75.0,100.0,36.8,5.4,30.599999999999998,5.4,75.0,0.0
69.19999999999999,100.0,38.0,4.2,31.4,4.2,69.19999999999999,0.0
10.2,0.0,52.800000000000004,40.0,9.6,0.0,0.0,0.0
0.0,0.0,60.6,54.400000000000006,0.0,0.0,0.0,0.0
79.4,100.0,40.0,0.4,33.2,0.4,79.4,0.0
0.6,0.0,56.2,37.2,0.6,0.0,0.0,0.0
5.4,0.0,54.0,38.2,5.0,0.0,0.0,0.0
30.599999999999998,0.0,49.6,29.599999999999998,24.2,0.0,0.0,0.0
6.800000000000001,0.0,54.800000000000004,40.0,6.800000000000001,0.0,0.0,0.0
71.39999999999999,100.0,36.6,0.4,22.6,0.4,71.39999999999999,0.0
0.0,0.0,59.599999999999994,41.0,0.0,0.0,0.0,0.0
93.4,100.0,16.6,0.0,16.6,0.0,93.4,0.0
0.0,0.0,59.0,46.0,0.0,0.0,0.0,0.0
0.0,100.0,64.8,10.2,0.0,10.2,0.0,0.0
88.0,100.0,10.8,0.4,10.8,0.4,88.0,0.0
4.3999999999999995,50.8,52.6,18.6,2.0,18.6,3.8,0.0
26.200000000000003,0.0,50.4,32.800000000000004,22.400000000000002,0.0,0.0,0.0
0.0,100.0,59.0,11.4,0.0,11.4,0.0,0.0
0.0,100.0,59.4,11.799999999999999,0.0,11.799999999999999,0.0,0.0
31.4,0.0,50.4,29.799999999999997,25.2,0.0,0.0,0.0
0.4,100.0,59.0,9.2,0.2,9.2,0.4,0.0
73.2,100.0,37.0,2.1999999999999997,31.0,2.1999999999999997,73.2,0.0
59.4,0.0,44.4,10.0,32.6,0.0,0.0,0.0
7.3999999999999995,7.8,51.800000000000004,26.6,6.0,5.800000000000001,0.0,0.0
0.6,0.2,56.00000000000001,32.2,0.6,0.2,0.0,0.0
94.39999999999999,100.0,19.8,0.2,19.8,0.2,94.39999999999999,0.0
48.8,73.2,44.800000000000004,5.2,27.0,5.2,32.6,0.0
0.0,73.0,59.4,19.400000000000002,0.0,19.400000000000002,0.0,0.0
0.0,0.0,57.199999999999996,46.2,0.0,0.0,0.0,0.0
32.0,0.0,49.4,28.999999999999996,24.8,0.0,0.0,0.0
0.0,0.0,56.599999999999994,43.0,0.0,0.0,0.0,0.0
0.0,0.0,56.599999999999994,45.800000000000004,0.0,0.0,0.0,0.0
0.0,100.0,60.0,11.4,0.0,11.4,0.0,0.0
0.2,0.0,56.599999999999994,34.4,0.2,0.0,0.0,0.0
40.0,0.0,48.8,23.400000000000002,29.4,0.0,0.0,0.0
92.80000000000001,100.0,19.0,0.8,19.0,0.8,92.80000000000001,0.0
19.2,0.0,51.6,35.0,18.0,0.0,0.0,0.0
1.0,0.0,55.800000000000004,37.8,1.0,0.0,0.0,0.0
8.799999999999999,0.0,53.0,37.4,7.8,0.0,0.0,0.0
26.0,10.4,50.4,19.6,19.2,3.4000000000000004,0.0,0.0
16.8,0.0,51.6,32.6,15.4,0.0,0.0,0.0
0.4,0.0,56.599999999999994,44.6,0.4,0.0,0.0,0.0
0.6,5.6000000000000005,56.2,33.800000000000004,0.6,4.2,0.0,0.0
0.0,0.0,59.8,50.0,0.0,0.0,0.0,0.0
0.0,0.0,58.8,47.8,0.0,0.0,0.0,0.0
49.2,6.4,46.800000000000004,12.0,30.599999999999998,0.0,0.4,0.0
60.199999999999996,20.8,38.4,7.8,29.4,2.1999999999999997,3.8,0.0
21.4,11.0,50.8,20.0,15.0,4.6,0.4,0.0
0.0,0.0,57.8,44.800000000000004,0.0,0.0,0.0,0.0
0.0,0.0,59.4,45.800000000000004,0.0,0.0,0.0,0.0
0.8,0.0,55.800000000000004,37.6,0.8,0.0,0.0,0.0
89.4,100.0,9.6,1.6,9.6,1.6,89.4,0.0
19.400000000000002,0.0,51.0,34.2,17.8,0.0,0.0,0.0
52.0,0.0,45.2,19.400000000000002,31.6,0.0,0.0,0.0
27.6,1.0,50.4,23.0,21.2,0.8,0.0,0.0
16.400000000000002,0.0,51.4,37.4,15.0,0.0,0.0,0.0
40.2,0.0,47.8,21.6,27.800000000000004,0.0,0.0,0.0
88.6,82.0,5.4,2.0,5.4,2.0,72.6,0.0
0.0,23.200000000000003,59.4,40.2,0.0,23.0,0.0,0.0
28.199999999999996,0.0,50.0,31.4,23.200000000000003,0.0,0.0,0.0
0.4,0.0,56.599999999999994,39.4,0.4,0.0,0.0,0.0
0.2,0.0,56.39999999999999,35.199999999999996,0.2,0.0,0.0,0.0
26.6,13.600000000000001,49.6,18.4,18.8,5.4,1.4000000000000001,0.0
57.4,100.0,46.0,7.3999999999999995,31.6,7.3999999999999995,57.4,0.0
0.0,0.0,59.599999999999994,45.4,0.0,0.0,0.0,0.0
0.0,100.0,31.6,9.6,0.0,9.6,0.0,0.0
0.0,100.0,59.599999999999994,11.600000000000001,0.0,11.600000000000001,0.0,0.0
54.400000000000006,100.0,41.4,2.4,24.6,2.4,54.400000000000006,0.0
0.0,0.0,57.8,45.800000000000004,0.0,0.0,0.0,0.0
33.6,0.0,49.2,22.6,25.4,0.0,0.0,0.0
9.0,68.8,53.6,12.8,4.0,12.8,9.0,0.0
87.8,99.4,18.6,0.8,18.6,0.8,87.2,0.0
5.6000000000000005,0.0,52.800000000000004,33.4,4.6,0.0,0.0,0.0
19.8,0.0,51.4,33.6,18.0,0.0,0.0,0.0
0.8,0.0,56.39999999999999,44.800000000000004,0.8,0.0,0.0,0.0
52.6,100.0,47.0,7.8,30.8,7.8,52.6,0.0
0.6,0.0,56.599999999999994,42.4,0.6,0.0,0.0,0.0
58.4,79.2,39.0,6.0,29.2,6.0,44.4,0.0
0.0,0.0,57.199999999999996,46.6,0.0,0.0,0.0,0.0
1.0,100.0,56.39999999999999,13.200000000000001,0.4,13.200000000000001,1.0,0.0
39.800000000000004,67.2,48.8,10.0,22.6,10.0,25.2,0.0
0.0,0.0,59.4,45.800000000000004,0.0,0.0,0.0,0.0
32.0,66.4,48.0,9.0,17.8,9.0,23.200000000000003,0.0
0.0,0.0,59.599999999999994,45.6,0.0,0.0,0.0,0.0
4.2,0.0,55.00000000000001,42.199999999999996,4.2,0.0,0.0,0.0
9.8,0.0,53.0,38.6,9.0,0.0,0.0,0.0
83.39999999999999,100.0,31.0,2.6,26.8,2.6,83.39999999999999,0.0
0.0,54.2,60.4,33.0,0.0,33.0,0.0,0.0
16.6,100.0,51.800000000000004,8.0,4.2,8.0,16.6,0.0
68.4,7.6,39.0,7.000000000000001,32.0,0.8,3.5999999999999996,0.0
0.0,26.6,61.8,49.0,0.0,20.200000000000003,0.0,0.0
90.4,100.0,21.8,0.6,21.6,0.6,90.4,0.0
40.400000000000006,0.0,48.6,21.4,28.999999999999996,0.0,0.0,0.0
0.0,0.0,58.4,48.8,0.0,0.0,0.0,0.0
47.599999999999994,0.0,46.0,16.2,30.4,0.0,0.0,0.0
65.0,97.39999999999999,42.199999999999996,6.0,32.800000000000004,6.0,63.0,0.0
0.0,0.0,58.8,41.8,0.0,0.0,0.0,0.0
48.199999999999996,0.2,45.6,15.0,30.8,0.0,0.0,0.0
40.0,1.0,48.6,17.2,29.4,0.0,0.0,0.0
3.0,0.0,55.00000000000001,39.2,3.0,0.0,0.0,0.0
8.200000000000001,0.0,53.0,37.0,7.3999999999999995,0.0,0.0,0.0
79.4,100.0,31.4,1.7999999999999998,30.0,1.7999999999999998,79.4,0.0
0.0,0.0,56.99999999999999,40.2,0.0,0.0,0.0,0.0
5.0,100.0,55.800000000000004,9.2,0.4,9.2,5.0,0.0
79.0,2.4,30.4,6.2,27.0,0.0,1.7999999999999998,0.0
65.4,6.2,32.6,10.4,29.4,0.0,0.0,0.0
22.0,100.0,53.2,6.4,3.5999999999999996,6.4,22.0,0.0
0.0,0.0,58.599999999999994,46.0,0.0,0.0,0.0,0.0
25.4,100.0,51.800000000000004,7.8,15.4,7.8,25.4,0.0
27.0,5.800000000000001,50.6,21.6,20.4,2.8000000000000003,0.0,0.0
8.799999999999999,67.80000000000001,52.800000000000004,12.6,3.0,12.6,8.799999999999999,0.0
51.0,100.0,42.8,5.2,21.4,5.2,51.0,0.0
42.199999999999996,0.0,47.0,22.2,28.4,0.0,0.0,0.0
0.0,7.3999999999999995,59.599999999999994,43.6,0.0,7.3999999999999995,0.0,0.0
4.0,0.0,54.400000000000006,37.0,3.8,0.0,0.0,0.0
0.0,26.0,63.800000000000004,51.4,0.0,26.0,0.0,0.0
0.0,100.0,60.6,10.2,0.0,10.2,0.0,0.0
0.4,0.0,56.2,39.6,0.4,0.0,0.0,0.0
0.0,0.0,61.4,55.2,0.0,0.0,0.0,0.0
0.0,43.2,59.599999999999994,37.0,0.0,34.0,0.0,0.0
69.19999999999999,57.8,38.2,4.2,32.0,4.2,33.6,0.0
16.0,0.0,51.6,37.6,14.799999999999999,0.0,0.0,0.0
0.8,0.0,56.00000000000001,40.8,0.8,0.0,0.0,0.0
0.0,2.4,59.8,46.2,0.0,2.4,0.0,0.0
34.0,0.0,48.8,26.8,25.2,0.0,0.0,0.0
0.0,0.0,56.99999999999999,44.4,0.0,0.0,0.0,0.0
19.400000000000002,47.8,50.4,18.2,13.600000000000001,18.2,6.0,0.0
0.0,59.0,60.199999999999996,25.8,0.0,25.8,0.0,0.0
0.0,71.39999999999999,62.2,22.6,0.0,22.6,0.0,0.0
0.8,56.8,57.199999999999996,20.4,0.6,20.4,0.8,0.6
34.599999999999994,0.0,50.4,21.6,24.0,0.0,0.0,0.0
0.0,0.0,60.0,49.8,0.0,0.0,0.0,0.0
1.0,0.0,55.60000000000001,40.8,1.0,0.0,0.0,0.0
32.0,100.0,49.8,9.2,18.0,9.2,32.0,0.0
58.4,8.4,39.0,11.4,31.2,0.0,0.8,0.0
0.0,100.0,59.4,13.200000000000001,0.0,13.200000000000001,0.0,0.0
0.0,0.8,57.599999999999994,38.800000000000004,0.0,0.8,0.0,0.0
1.7999999999999998,4.3999999999999995,53.800000000000004,30.4,0.8,4.0,0.0,0.0
33.2,0.0,49.4,28.599999999999998,25.4,0.0,0.0,0.0
18.0,0.0,51.6,36.0,16.8,0.0,0.0,0.0
49.0,100.0,45.0,5.800000000000001,22.2,5.800000000000001,49.0,0.0
40.2,0.0,47.599999999999994,25.4,29.799999999999997,0.0,0.0,0.0
59.4,100.0,43.6,6.0,32.6,6.0,59.4,0.0
0.0,100.0,66.2,10.4,0.0,10.4,0.0,0.0
32.0,0.0,50.0,23.200000000000003,24.4,0.0,0.0,0.0
21.0,0.0,52.2,33.2,19.8,0.0,0.0,0.0
2.0,0.0,55.60000000000001,41.199999999999996,2.0,0.0,0.0,0.0
40.0,0.6,48.8,16.6,28.599999999999998,0.0,0.0,0.0
71.39999999999999,100.0,39.0,1.2,26.200000000000003,1.2,71.39999999999999,0.0
0.0,0.0,56.99999999999999,44.0,0.0,0.0,0.0,0.0
58.199999999999996,28.4,44.6,8.6,31.8,4.2,10.4,0.0
80.60000000000001,100.0,38.2,0.4,32.6,0.4,80.60000000000001,0.0
2.8000000000000003,0.0,54.6,36.199999999999996,2.8000000000000003,0.0,0.0,0.0
90.60000000000001,100.0,25.8,1.2,25.8,1.2,90.60000000000001,0.0
1.2,0.0,55.60000000000001,40.6,1.2,0.0,0.0,0.0
45.4,0.0,47.0,17.4,29.799999999999997,0.0,0.0,0.0
0.0,0.0,57.199999999999996,45.0,0.0,0.0,0.0,0.0
41.6,0.0,47.8,21.2,27.200000000000003,0.0,0.0,0.0
0.0,0.0,57.8,43.0,0.0,0.0,0.0,0.0
35.4,0.0,49.0,18.2,22.6,0.0,0.0,0.0
0.4,0.0,56.39999999999999,43.4,0.4,0.0,0.0,0.0
74.6,100.0,36.0,2.8000000000000003,32.2,2.8000000000000003,74.6,0.0
0.0,0.0,59.8,48.6,0.0,0.0,0.0,0.0
39.800000000000004,0.0,48.199999999999996,22.0,27.800000000000004,0.0,0.0,0.0
34.8,0.0,48.199999999999996,26.400000000000002,26.200000000000003,0.0,0.0,0.0
0.0,0.8,56.599999999999994,34.2,0.0,0.8,0.0,0.0
17.8,0.0,52.0,35.0,16.8,0.0,0.0,0.0
0.8,64.2,56.99999999999999,15.4,0.2,15.4,0.8,0.0
0.0,58.599999999999994,58.599999999999994,18.0,0.0,18.0,0.0,0.0
0.0,9.0,58.4,38.2,0.0,9.0,0.0,0.0
71.2,100.0,37.6,2.1999999999999997,31.0,2.1999999999999997,71.2,0.0
0.0,0.0,59.8,50.8,0.0,0.0,0.0,0.0
0.0,0.0,59.8,49.2,0.0,0.0,0.0,0.0
32.2,0.0,50.2,29.4,25.6,0.0,0.0,0.0
37.4,0.0,47.4,25.4,27.6,0.0,0.0,0.0
89.0,100.0,14.2,0.2,14.000000000000002,0.2,89.0,0.0
0.0,0.0,58.599999999999994,43.8,0.0,0.0,0.0,0.0
0.0,100.0,62.6,14.2,0.0,14.2,0.0,0.0
14.000000000000002,0.0,51.6,38.0,13.0,0.0,0.0,0.0
0.0,60.8,59.8,32.4,0.0,32.4,0.0,0.0
24.2,0.0,50.6,31.6,21.0,0.0,0.0,0.0
14.2,0.0,51.4,35.6,12.8,0.0,0.0,0.0
26.6,62.6,50.8,12.6,17.2,12.6,15.4,0.0
51.4,0.0,44.6,16.400000000000002,31.8,0.0,0.0,0.0
0.0,37.6,57.8,31.2,0.0,29.4,0.0,0.0
49.2,0.0,45.4,17.2,30.599999999999998,0.0,0.0,0.0
21.4,0.0,50.8,25.8,17.2,0.0,0.0,0.0
54.400000000000006,0.0,42.6,18.0,31.6,0.0,0.0,0.0
0.0,16.2,60.199999999999996,47.199999999999996,0.0,16.2,0.0,0.0
3.2,0.0,55.60000000000001,42.4,3.2,0.0,0.0,0.0
0.0,0.0,57.199999999999996,44.4,0.0,0.0,0.0,0.0
57.199999999999996,3.0,42.199999999999996,11.200000000000001,32.6,0.2,1.2,0.0
2.4,0.0,53.6,32.0,1.6,0.0,0.0,0.0
0.0,100.0,67.4,12.0,0.0,12.0,0.0,0.0
0.2,100.0,59.0,9.6,0.2,9.6,0.2,0.0
0.0,11.4,59.599999999999994,43.6,0.0,11.4,0.0,0.0
35.8,22.2,48.4,16.0,25.6,7.199999999999999,2.4,0.0
0.0,0.0,59.599999999999994,44.6,0.0,0.0,0.0,0.0
82.8,97.2,24.4,3.0,24.2,3.0,80.0,0.0
3.2,0.0,54.800000000000004,39.6,3.2,0.0,0.0,0.0
40.2,0.0,48.0,22.0,29.4,0.0,0.0,0.0
71.2,11.0,35.6,6.0,30.599999999999998,0.6,6.4,0.0
0.0,0.6,57.4,38.2,0.0,0.6,0.0,0.0
72.6,3.8,33.0,6.6000000000000005,30.4,0.0,1.0,0.0
61.199999999999996,0.0,43.2,13.0,34.8,0.0,0.0,0.0
77.60000000000001,100.0,36.0,0.2,26.6,0.2,77.60000000000001,0.0
71.6,100.0,33.2,3.2,29.799999999999997,3.2,71.6,0.0
0.0,60.8,66.2,25.8,0.0,25.8,0.0,0.0
0.0,0.0,61.6,55.2,0.0,0.0,0.0,0.0
0.0,0.0,60.4,56.2,0.0,0.0,0.0,0.0
23.0,100.0,50.2,7.8,10.2,7.8,23.0,0.0
88.6,100.0,18.6,0.2,18.6,0.2,88.6,0.0
2.0,100.0,55.800000000000004,10.4,0.4,10.4,2.0,0.0
39.800000000000004,100.0,48.6,6.0,19.8,6.0,39.800000000000004,0.0
0.0,100.0,58.8,10.2,0.0,10.2,0.0,0.0
7.3999999999999995,100.0,55.00000000000001,9.6,0.8,9.6,7.3999999999999995,0.0
34.599999999999994,58.199999999999996,46.6,14.6,22.8,14.6,15.6,0.0
60.8,0.0,43.4,11.600000000000001,32.2,0.0,0.0,0.0
0.0,0.6,59.199999999999996,41.4,0.0,0.6,0.0,0.0
0.4,0.0,56.599999999999994,39.800000000000004,0.4,0.0,0.0,0.0
52.6,100.0,46.6,7.000000000000001,31.0,7.000000000000001,52.6,0.0
0.0,0.0,56.99999999999999,39.6,0.0,0.0,0.0,0.0
66.60000000000001,100.0,40.400000000000006,0.2,21.4,0.2,66.60000000000001,0.0
34.4,0.0,49.8,25.0,26.400000000000002,0.0,0.0,0.0
6.0,0.0,54.400000000000006,41.0,5.800000000000001,0.0,0.0,0.0
0.8,0.0,56.2,43.0,0.8,0.0,0.0,0.0
0.0,0.0,56.8,45.4,0.0,0.0,0.0,0.0
27.0,100.0,51.6,8.799999999999999,15.8,8.799999999999999,27.0,0.0
19.0,0.0,51.4,34.4,17.8,0.0,0.0,0.0
51.4,42.199999999999996,44.0,10.2,30.599999999999998,9.8,13.600000000000001,0.0
0.0,33.4,61.8,47.599999999999994,0.0,32.0,0.0,0.0
52.6,37.8,44.4,11.0,30.2,9.6,13.8,0.0
0.0,0.0,60.0,51.6,0.0,0.0,0.0,0.0
23.799999999999997,100.0,49.4,8.6,8.799999999999999,8.6,23.799999999999997,0.0
0.0,42.0,57.199999999999996,29.4,0.0,28.799999999999997,0.0,0.0
0.0,65.2,59.199999999999996,17.599999999999998,0.0,17.599999999999998,0.0,0.0
22.6,67.4,50.0,10.0,7.6,10.0,22.2,0.0
52.800000000000004,100.0,47.4,7.3999999999999995,29.2,7.3999999999999995,52.800000000000004,0.0
34.599999999999994,0.0,48.6,27.200000000000003,25.8,0.0,0.0,0.0
22.400000000000002,0.0,51.0,34.599999999999994,20.4,0.0,0.0,0.0
34.599999999999994,100.0,51.2,9.2,21.8,9.2,34.599999999999994,0.0
0.0,100.0,66.4,15.0,0.0,15.0,0.0,0.0
36.8,0.0,47.4,25.4,27.0,0.0,0.0,0.0
80.0,100.0,34.8,0.4,28.199999999999996,0.4,80.0,0.0
0.6,0.0,56.2,38.6,0.6,0.0,0.0,0.0
19.6,0.0,51.4,33.2,18.0,0.0,0.0,0.0
0.0,95.8,61.199999999999996,17.2,0.0,17.2,0.0,0.0
0.0,7.199999999999999,59.8,46.6,0.0,7.199999999999999,0.0,0.0
44.2,48.199999999999996,47.599999999999994,11.200000000000001,29.599999999999998,11.200000000000001,13.600000000000001,0.0
0.0,0.0,58.599999999999994,47.199999999999996,0.0,0.0,0.0,0.0
0.0,0.0,59.199999999999996,44.4,0.0,0.0,0.0,0.0
21.2,0.0,51.2,34.8,19.400000000000002,0.0,0.0,0.0
71.8,41.6,40.6,5.2,30.599999999999998,5.2,28.4,0.0
58.4,100.0,1.6,7.000000000000001,1.2,7.000000000000001,58.4,0.0
47.0,8.6,47.0,12.4,30.0,0.6,0.8,0.0
